wavelength;VIOLET;ROYAL BLUE;BLUE;CYAN;GREEN;LIME;MINT;PC AMBER;AMBER;RED ORANGE;RED;DEEP RED;FAR RED;UV 345;UV 365;UV 385;UV 395;UV 405;UV 415;WARM WHITE;NEUTRAL WHITE;COOL WHITE
300;0;0;0;0;0;0;0;0;0;0;0;0;0;0;0;0;2,70E-05;0;0;0;0;0
301;0;0;0;0;0;0;0;0;0;0;0;0;0;0;0;0;2,69E-05;0;0;0;0;0
302;0;0;0;0;0;0;0;0;0;0;0;0;0;0;0;0;7,89E-05;0;0;0;0;0
303;0;0;0;0;0;0;0;0;0;0;0;0;0;0;0;0;7,86E-05;0;0;0;0;0
304;0;0;0;0;0;0;0;0;0;0;0;0;0;0;0;0;4,54E-05;0;0;0;0;0
305;0;0;0;0;0;0;0;0;0;0;0;0;0;0;0;0;9,39E-05;0;0;0;0;0
306;0;0;0;0;0;0;0;0;0;0;0;0;0;0;0;0;5,77E-05;0;0;0;0;0
307;0;0;0;0;0;0;0;0;0;0;0;0;0;0;0;0;7,19E-05;0;0;0;0;0
308;0;0;0;0;0;0;0;0;0;0;0;0;0;0;0;0;0,000108356;0;0;0;0;0
309;0;0;0;0;0;0;0;0;0;0;0;0;0;0;0;0;4,56E-05;0;0;0;0;0
310;0;0;0;0;0;0;0;0;0;0;0;0;0;0;0;0;3,46E-05;0;0;0;0;0
311;0;0;0;0;0;0;0;0;0;0;0;0;0;0;0;0;3,45E-05;0;0;0;0;0
312;0;0;0;0;0;0;0;0;0;0;0;0;0;0;0;0;5,84E-05;0;0;0;0;0
313;0;0;0;0;0;0;0;0;0;0;0;0;0;0;0;0;6,60E-05;0;0;0;0;0
314;0;0;0;0;0;0;0;0;0;0;0;0;0;0;0;0;7,74E-06;0;0;0;0;0
315;0;0;0;0;0;0;0;0;0;0;0;0;0;0;0;0;0;0;0;0;0;0
316;0;0;0;0;0;0;0;0;0;0;0;0;0;0;0;0;1,39E-05;0;0;0;0;0
317;0;0;0;0;0;0;0;0;0;0;0;0;0;0;0;0;3,71E-05;0;0;0;0;0
318;0;0;0;0;0;0;0;0;0;0;0;0;0;0;0;0;2,32E-05;0;0;0;0;0
319;0;0;0;0;0;0;0;0;0;0;0;0;0;0;0;0;1,51E-07;0;0;0;0;0
320;0;0;0;0;0;0;0;0;0;0;0;0;0;0;0;0;1,18E-05;0;0;0;0;0
321;0;0;0;0;0;0;0;0;0;0;0;0;0;0;0;0;1,16E-05;0;0;0;0;0
322;0;0;0;0;0;0;0;0;0;0;0;0;0;0;0;0;3,53E-05;0;0;0;0;0
323;0;0;0;0;0;0;0;0;0;0;0;0;0;0;0;0;5,55E-05;0;0;0;0;0
324;0;0;0;0;0;0;0;0;0;0;0;0;0;0;0;0;0,000102665;0;0;0;0;0
325;0;0;0;0;0;0;0;0;0;0;0;0;0;0;0;0;8,22E-05;0;0;0;0;0
326;0;0;0;0;0;0;0;0;0;0;0;0;0;0;0;0;0;0;0;0;0;0
327;0;0;0;0;0;0;0;0;0;0;0;0;0;0;0;0;0;0;0;0;0;0
328;0;0;0;0;0;0;0;0;0;0;0;0;0;0;0;0;0;0;0;0;0;0
329;0;0;0;0;0;0;0;0;0;0;0;0;0;0;0;0;0;0;0;0;0;0
330;0;0;0;0;0;0;0;0;0;0;0;0;0;0;0;0;0;0;0;0;0;0
331;0;0;0;0;0;0;0;0;0;0;0;0;0;0;0;0;5,84E-05;0;0;0;0;0
332;0;0;0;0;0;0;0;0;0;0;0;0;0;0;0;0;7,08E-05;0;0;0;0;0
333;0;0;0;0;0;0;0;0;0;0;0;0;0;0;0;0;9,28E-05;0;0;0;0;0
334;0;0;0;0;0;0;0;0;0;0;0;0;0;0;0;0;0,00010265;0;0;0;0;0
335;0;0;0;0;0;0;0;0;0;0;0;0;0;0;0;0;2,25E-05;0;0;0;0;0
336;0;0;0;0;0;0;0;0;0;0;0;0;0;0;0;0;4,68E-05;0;0;0;0;0
337;0;0;0;0;0;0;0;0;0;0;0;0;0;0;0;0;9,09E-05;0;0;0;0;0
338;0;0;0;0;0;0;0;0;0;0;0;0;0;0;0;0;6,69E-05;0;0;0;0;0
339;0;0;0;0;0;0;0;0;0;0;0;0;0;0;0;0;2,28E-05;0;0;0;0;0
340;0;0;0;0;0;0;0;0;0;0;0;0;0;0,000199515;0;0;1,64E-05;0;0;0;0;0
341;0;0;0;0;0;0;0;0;0;0;0;0;0;0,000398455;0;0;4,29E-05;0;0;0;0;0
342;0;0;0;0;0;0;0;0;0;0;0;0;0;0,000660356;0;0;2,84E-05;0;0;0;0;0
343;0;0;0;0;0;0;0;0;0;0;0;0;0;0,00109374;0;0;0,000203613;0;0;0;0;0
344;0;0;0;0;0;0;0;0;0;0;0;0;0;0,001418908;0;0;0,00027435;0;0;0;0;0
345;0;0;0;0;0;0;0;0;0;0;0;0;0;0,001677577;0;0;0,000226181;0;0;0;0;0
346;0;0;0;0;0;0;0;0;0;0;0;0;0;0,001847692;0;0;0,000226881;0;0;0;0;0
347;0;0;0;0;0;0;0;0;0;0;0;0;0;0,001782796;0;0;0,000156079;0;0;0;0;0
348;0;0;0;0;0;0;0;0;0;0;0;0;0;0,001596207;0;0;8,20E-05;0;0;0;0;0
349;0;0;0;0;0;0;0;0;0;0;0;0;0;0,001425675;0;0;3,87E-05;0;0;0;0;0
350;0;0;0;0;0;0;0;0;0;0;0;0;0;0,001298414;0;0;7,78E-05;0;0;0;0;0
351;0;0;0;0;0;0;0;0;0;0;0;0;0;0,001044172;0,000195217;2,84E-05;3,91E-05;0;0;0;0;0
352;0;0;0;0;0;0;0;0;0;0;0;0;0;0,000802101;0,000122428;2,20E-06;0;0;0;0;0;0
353;0;0;0;0;0;0;0;0;0;0;0;0;0;0,000732359;0,000297796;3,87E-05;4,02E-05;0;0;0;0;0
354;0;0;0;0;0;0;0;0;0;0;0;0;0;0,00064772;0,000535408;3,85E-05;4,01E-05;0;0;0;0;0
355;0;0;0;0;0;0;0;0;0;0;0;0;0;0,000505098;0,000649676;0;0;0;0;0;0;0
356;0;0;0;0;0;0;0;0;0;0;0;0;0;0,000448322;0,000959259;0;5,70E-06;0;0;0;0;0
357;0;0;0;0;0;0;0;0;0;0;0;0;0;0,000379462;0,001477256;4,09E-06;5,68E-06;0;0;0;0;0
358;0;0;0;0;0;0;0;0;0;0;0;0;0;0,000320979;0,001959024;4,08E-06;0;0;0;0;0;0
359;0;0;0;0;0;0;0;0;0;0;0;0;0;0;0,002579273;0;0;0;0;0;0;0
360;0;0;0;0;0;0;0;0;0;0;0;0;0;0;0,00382836;0;0;0;0;0;0;0
361;0;0;0;0;0;0;0;0;0;0;0;0;0;0;0,005114716;0;0;0;0;0;0;0
362;0;0;0;0;0;0;0;0;0;0;0;0;0;0;0,00677883;0;0;0;0;0;0;0
363;0;0;0;0;0;0;0;0;0;0;0;0;0;0;0,009517918;5,22E-05;4,66E-05;0;0;0;0;0
364;0;0;0;0;0;0;0;0;0;0;0;0;0;0;0,011900299;6,82E-05;5,91E-05;0;0;0;0;0
365;0;0;0;0;0;0;0;0;0;0;0;0;0;0;0,01421657;4,84E-05;4,56E-05;0;0;0;0;0
366;0;0;0;0;0;0;0;0;0;0;0;0;0;0;0,016320355;4,35E-05;3,65E-05;0;0;0;0;0
367;0;0;0;0;0;0;0;0;0;0;0;0;0;0;0,01659384;0,000106981;7,56E-05;0;0;0;0;0
368;0;0;0;0;0;0;0;0;0;0;0;0;0;0;0,015647114;0,000109833;7,19E-05;0;0;0;0;0
369;0;0;0;0;0;0;0;0;0;0;0;0;0;0;0,013956585;0,000156914;8,09E-05;0;0;0;0;0
370;0;0;0;0;0;0;0;0;0;0;0;0;0;0;0,011544741;0,000247933;0,000115918;0;0;0;0;0
371;0;0;0;0;0;0;0;0;0;0;0;0;0;0;0,009710451;0,00023454;6,38E-05;0;0;0;0;0
372;0;0;0;0;0;0;0;0;0;0;0;0;0;0;0,008198022;0,000292394;6,42E-05;0;0;0;0;0
373;0;0;0;0;0;0;0;0;0;0;0;0;0;0;0,006432878;0,000395711;7,79E-05;0;0;0;0;0
374;0;0;0;0;0;0;0;0;0;0;0;0;0;0;0,00533586;0,00046744;6,86E-05;0;0;0;0;0
375;0;0;0;0;0;0;0;0;0;0;0;0;0;0;0,004300763;0,000463339;2,63E-05;0;0;0;0;0
376;0;0;0;0;0;0;0;0;0;0;0;0;0;0;0,003257813;0,000602356;2,16E-05;0;0;0;0;0
377;0;0;0;0;0;0;0;0;0;0;0;0;0;0;0,002698116;0,000760665;2,15E-05;0;0;0;0;0
378;0;0;0;0;0;0;0;0;0;0;0;0;0;0;0,002272416;0,000990353;6,01E-05;0;0;0;0;0
379;0;0;0;0;0;0;0;0;0;0;0;0;0;0;0,001813811;0,001343238;9,82E-05;0;0;0;0;0
380;3,71E-05;2,36E-05;0;0;8,80E-06;0;1,31E-05;1,40E-05;3,99E-06;9,05E-06;3,00E-05;0;4,01E-06;0;0,001414961;0,001525126;3,95E-05;2,41E-05;1,94E-06;0;0;6,26E-06
381;3,74E-06;7,40E-06;0;0;9,45E-06;0;7,09E-06;1,44E-06;5,46E-05;0,000166;2,11E-05;0;4,32E-06;0;0,001232857;0,001926343;0,000116925;4,88E-05;2,09E-06;7,18E-06;0;3,87E-06
382;0,000028989;0,00000002;0,000003369;0,000004279;0,000001119;0;0,000001079;0;0,000109789;0,000066889;0,000002539;0,000006279;0,000000989;0;0,001119835;0,002581148;0,000269398;0,000074589;0;0,000006699;0,000002479;0,000000098
383;6,94E-06;2,58E-06;4,13E-05;7,08E-05;1,53E-05;0;2,19E-06;0;5,74E-05;6,26E-05;3,40E-05;0;1,38E-05;0;0,001000348;0,003006766;0,000335712;9,94E-05;1,18E-05;4,20E-07;8,84E-06;3,48E-06
384;0;0;0;0,0000102;0,00000745;0;0,000000506;0;0,0000235;0;0,0000188;0;0,00000824;0;0,000942203;0,003375861;0,000467451;0,000132;0,0000102;0,000000275;0;0
385;1,05E-06;7,52E-07;0;7,33E-06;4,50E-06;2,83E-06;0;9,93E-07;6,92E-05;5,60E-05;6,78E-06;0;2,86E-06;0;0,000791007;0,003550674;0,000570291;0,000188983;3,27E-05;1,02E-07;1,57E-06;1,05E-05
386;9,48E-06;2,87E-06;1,79E-05;0;2,66E-05;1,08E-05;0;8,80E-06;6,44E-05;5,36E-05;2,59E-05;0;0;0;0,00063071;0,003418987;0,000630953;0,000287934;2,05E-05;3,88E-07;6,01E-06;1,95E-06
387;0,000024346;0,000016046;0,000034746;0;0,000005466;0;0,000005736;0,000004166;0;0,000033546;0;0;0;0;0,000441276;0,003024907;0,000683451;0,000373846;0,000055546;0;0;0,000000585
388;0;0;0,000050655;0,000023055;0;0,000002215;0,000000063;0;0;0,000099755;0,000023555;4,00E-09;0;0;0,000348697;0,002534369;0,000969867;0,000516855;0,000091055;0,000003185;0,000001845;0,000013755
389;0;0,00000162;0,0000828;0,0000143;0;0,0000159;0,000000656;0;0;0,0000152;0,00000178;0,0000022;0,00000335;0;0,000306801;0,002149457;0,00123687;0,000704;0,000143;0,00000167;0,000000182;0,00000253
390;0;1,07E-05;4,70E-05;0;3,68E-05;4,98E-06;3,25E-06;0;0;0;5,64E-07;3,67E-06;3,27E-06;0;0,00027886;0,001816757;0,001518328;0,000937977;0,000175977;9,98E-06;5,18E-06;6,59E-07
391;8,69E-07;2,51E-06;0;8,07E-07;0;0;3,09E-06;1,68E-06;0;4,16E-07;0;0;1,97E-06;0;0,00037359;0,001601821;0,002085927;0,001219962;0,000231962;1,56E-06;1,24E-07;7,15E-06
392;0,000005709;0,000002529;0,000021479;0,000013579;0;0,000003379;0;0;0;0,000002219;0;0;0;0;0,000362996;0,001420847;0,002421735;0,001549879;0,000328879;0,000002059;0,000000397;0
393;4,52E-06;8,76E-08;5,80E-05;4,49E-06;1,12E-06;3,43E-06;0;1,20E-06;0;2,83E-07;0;6,22E-06;0;0;0,000318565;0,001254457;0,002641894;0,001949914;0,000453914;6,12E-06;0;2,48E-06
394;1,34E-05;8,70E-06;0;0;1,85E-05;1,18E-05;0;0;6,93E-07;0;0;2,47E-07;0;0;0,000270445;0,001083991;0,00282035;0,002449924;0,000619924;2,72E-06;9,20E-09;0
395;9,66E-07;0;0;9,36E-06;1,60E-05;9,63E-06;1,94E-08;0;3,48E-06;4,87E-07;5,88E-06;4,75E-06;0;0;0,000222015;0,000945533;0,002821277;0,003019926;0,000836926;0;3,20E-07;0
396;1,92E-05;0;0;4,12E-06;7,07E-06;6,49E-06;4,29E-06;4,35E-06;2,06E-05;1,70E-07;2,57E-06;1,40E-06;2,25E-06;0;0,00021461;0,00085365;0,002707155;0,00359992;0,00112992;0;1,44E-07;2,79E-06
397;2,13E-05;1,94E-06;0;1,30E-05;1,44E-06;2,12E-07;0;2,91E-06;2,25E-05;0;1,58E-05;3,50E-07;0;0;0,000125658;0,000675437;0,002344781;0,004199961;0,001489961;6,40E-07;0;5,86E-06
398;3,90E-05;3,67E-07;5,54E-06;0;1,14E-05;1,05E-06;0;0;2,50E-06;4,02E-07;4,74E-07;1,88E-07;0;0;0,000102278;0,00057779;0,002060056;0,004769981;0,001939981;0;1,05E-06;5,30E-06
399;5,57E-05;0;2,49E-06;1,07E-05;2,26E-06;2,75E-06;0;0;0;1,33E-07;5,55E-06;3,56E-08;1,99E-06;0;0,000244218;0,000640142;0,001917983;0,005319941;0,002499941;6,23E-07;4,31E-07;0
400;8,58E-05;0;3,87E-05;1,98E-05;1,05E-06;7,71E-06;3,74E-06;6,03E-06;0;0;9,59E-06;0;5,73E-06;0;0,000216301;0,000533887;0,00157172;0,00584997;0,00318997;0;3,64E-06;5,71E-07
401;0,0001219;0;0;0;6,05E-06;0;9,20E-07;2,94E-06;1,59E-05;0;0;0;1,32E-06;0;0,000163825;0,000419409;0,001293674;0,0063699;0,0040899;3,92E-08;2,68E-06;3,14E-06
402;0,00016888;0;0,00001838;0;0,00000301;0,00000679;0,00000162;0,00000148;0,00002468;0;0,00002098;0;0,00000222;0;0,000100816;0,000294548;0,001086514;0,00679988;0,00513988;0,00000298;0,00000142;0,00000296
403;0,000235841;0,000008831;0;0,00000064;0,000000022;0,000000542;0;0;0,000033341;0;0,000001021;0;0,000000553;0;1,06E-05;0,000192041;0,000900976;0,007199841;0,006349841;0,000004711;0,000003561;0,000000834
404;0,000329889;0,000001569;0;0,000022489;0,000002309;0,000002109;0,000003059;0,000001319;0,000002369;0;0,000013989;0;0,000000919;0;1,06E-05;0,000207582;0,000818588;0,007509889;0,007819889;0,000004509;0,000000746;0,000000363
405;0,000485989;4,76E-06;0;1,07E-05;1,36E-05;1,32E-05;9,09E-06;1,18E-06;1,30E-05;9,99E-06;4,46E-07;3,46E-06;4,49E-07;0;9,85E-05;0,00028225;0,000848789;0,007719989;0,009429989;1,53E-06;2,87E-06;1,79E-07
406;0,000650837;0,000025037;0;0,000002347;0,000000597;0,000011737;0,000011437;0;0;0;0;0;0;0;0,000135413;0,000281111;0,000779881;0,007799837;0,011099837;0,000009347;0,000003947;0,000003747
407;0,00086589;0,00001749;0,00000095;0,00000312;0,0000025;0,00002689;0,00001219;0;0,00000791;0;0,00000265;0;0;0;0,000119937;0,000237927;0,000639098;0,00775989;0,01289989;0,00000593;0,00000301;0,00000719
408;0,001169891;0,000030191;0,000006571;0,000003221;0,000007901;0,000027791;0,000017791;0,000000011;0,000008161;0;0,000002731;0,000000847;0;0;0,000109677;0,000221335;0,000540978;0,007589891;0,014499891;0,000015791;0,000013591;0,000011791
409;0,001539818;0,000051218;0,00000003;0,000018618;0,000021718;0,000031318;0,000020118;0;0,000010118;0;0,000011118;0;0;0;2,68E-05;0,000125847;0,0003995;0,007309818;0,015899818;0,000019718;0,000009748;0,000021018
410;0,001979893;0,000063393;0;0,000015193;0;0,000041893;0,000029593;0,000002243;0,000016293;0;0,000000307;0;0;0;8,24E-05;0,000153697;0,000392444;0,006909893;0,016899893;0,000028693;0,000022693;0,000039793
411;0,002549895;0,000091795;0,000025095;0,000005935;0,000005695;0,000047095;0,000037295;0,000003135;0;0,000013795;0,000002215;0;0;0;8,22E-05;0,000131571;0,000350982;0,006449895;0,017299895;0,000032495;0,000031095;0,000048295
412;0,003239985;0,000115985;3,47E-06;1,31E-05;7,89E-07;5,33E-05;4,58E-05;0;0;6,43E-06;3,06E-07;0;0;0;6,42E-05;0,000109064;0,000301713;0,005969985;0,017199985;4,84E-05;3,92E-05;6,58E-05
413;0,00404996;0,00014996;1,25E-05;1,33E-05;9,72E-06;5,83E-05;5,30E-05;0;0;2,81E-05;0;5,93E-06;1,79E-06;0;6,41E-05;8,88E-05;0,000252046;0,00545996;0,01649996;5,13E-05;5,00E-05;8,72E-05
414;0,004999887;0,000188887;0;0,000004957;0,000005177;0,000069187;0,000065287;0;0;0,000004467;0;0;0;0;3,13E-05;4,82E-05;0,000191425;0,004949887;0,015399887;0,000069887;0,000063187;0,000112887
415;0,006089837;0,000255837;0,000018237;0,000007727;0,000001087;0,000076537;0,000078037;0;0,000024537;0;0,000004737;0;0,000000259;0;0,000133239;0,000134621;0,0002679;0,004469837;0,013899837;0,000078537;0,000081437;0,000135837
416;0,007289887;0,000322887;0,000037587;0,000012687;0,000014887;0,000080987;0,000096087;0;0,000021287;0;0;0;0,000001267;0;0,000233553;0,000224563;0,000358958;0,004019887;0,012499887;0,000101887;0,000093787;0,000171887
417;0,008609863;0,000397863;0,000012363;0,000008803;0,000008543;0,000086963;0,000113863;0;0;0,000007683;0;0,000000189;0,000001353;0;0,000131718;0,000134196;0,00024058;0,003599863;0,010999863;0,000123863;0,000114863;0,000215863
418;0,009949792;0,000500792;0,000029192;0,000009482;0,000010792;0,000095592;0,000132792;0;0,000011492;0,000012092;0;0,000000522;0,000000962;0;7,86E-05;8,01E-05;0,000162977;0,003209792;0,009709792;0,000144792;0,000143792;0,000261792
419;0,011299872;0,000607872;0,000048272;0,000026572;0,000007412;0,000100872;0,000152872;0;0,000002772;0,000000091;0,000019272;0;0;0;0,00019659;0,000182845;0,000255157;0,002859872;0,008609872;0,000168872;0,000168872;0,000325872
420;0,012499834;0,000750834;0,000037534;0,000017734;0,000012434;0,000112834;0,000175834;0;0;0,000002494;0,000001264;0,000000319;0,000000352;0;0,000160139;0,000155506;0,000219818;0,002539834;0,007719834;0,000199834;0,000194834;0,000390834
421;0,013499904;0,000903904;3,58E-05;1,97E-05;8,23E-06;0,000110904;0,000199904;0;1,43E-05;0;2,19E-06;6,81E-07;7,34E-07;0;4,20E-05;5,26E-05;8,66E-05;0,002249904;0,006939904;0,000235904;0,000233904;0,000465904
422;0,014099883;0,001079883;0,000026383;0,000026383;0,000004973;0,000116883;0,000225883;0;0,000024583;0;0;0,000003873;0,000002263;0;5,14E-05;5,47E-05;7,47E-05;0,001989883;0,006279883;0,000273883;0,000267883;0,000551883
423;0,014399883;0,001279883;0,000050483;0,000025783;0,000011783;0,000120883;0,000250883;0,000000616;0,000008023;0;0;0,000000805;0;0;0,000141472;0,000124721;0,000165743;0,001749883;0,005679883;0,000307883;0,000311883;0,000654883
424;0,014299796;0,001519796;0,000078996;0,000030296;0,000023896;0,000116796;0,000277796;0,000003156;0,000011896;0,000002336;0;0,000002536;0,000000672;0;0,000154734;0,000144208;0,000174833;0,001539796;0,005079796;0,000351796;0,000361796;0,000768796
425;0,013699803;0,001799803;0,000100803;0,000022803;0,000011303;0,000116803;0,000303803;0,000006073;0,000009903;0,000009393;0;0;0,000000524;0;6,45E-05;7,40E-05;8,36E-05;0,001349803;0,004499803;0,000397803;0,000409803;0,000897803
426;0,012799845;0,002109845;0,000119845;0,000026945;0,000009185;0,000122845;0,000329845;0,000001315;0,000000346;0,000000216;0;0;0;0;4,22E-05;4,13E-05;6,36E-05;0,001179845;0,003939845;0,000447845;0,000472845;0,001049845
427;0,011599792;0,002479792;0,000139792;0,000025792;0,000007032;0,000112792;0,000352792;0,000000251;0,000003332;0,000005482;0,000001442;0;0,000000221;0;5,36E-05;4,12E-05;7,04E-05;0,001039792;0,003409792;0,000496792;0,000539792;0,001199792
428;0,010399848;0,002899848;0,000157848;0,000026148;0,000014348;0,000115848;0,000372848;0,000001678;0,000006138;0,000019948;0,000002778;0;0,000000611;0;3,08E-05;1,02E-05;2,76E-05;0,000909848;0,002929848;0,000553848;0,000611848;0,001379848
429;0,009079821;0,003369821;0,000228821;0,000015121;0,000015921;0,000109821;0,000389821;0,000009921;0,000004721;0,000002931;0;0;0;0;5,72E-05;3,44E-05;4,38E-05;0,000798821;0,002509821;0,000604821;0,000688821;0,001589821
430;0,007879801;0,003889801;0,000258801;0,000038901;0,000014901;0,000106801;0,000401801;0,000002671;0,000027101;0;0,000000249;0;0;0;3,79E-05;2,42E-05;2,31E-05;0,000701801;0,002159801;0,000660801;0,000772801;0,001809801
431;0,006849782;0,004469782;0,000332782;0,000028082;0,000021582;0,000099782;0,000411782;0,000005062;0,000006262;0;0,000002212;0;0;0;5,55E-06;0;0;0,000617782;0,001859782;0,000709782;0,000865782;0,002049782
432;0,005959815;0,005099815;0,000406815;0,000021015;0,000009565;0,000096915;0,000413815;0,000008445;0,000000358;0,000000975;0;0;0;0;6,64E-05;5,14E-05;4,73E-05;0,000545815;0,001619815;0,000760815;0,000963815;0,002299815
433;0,005219702;0,005779702;0,000436702;0,000027502;0,000009802;0,000087902;0,000413702;0,000015702;0,000030602;0;0;0,000001512;0,000000812;0;6,08E-05;5,13E-05;4,72E-05;0,000479702;0,001409702;0,000807702;0,001069702;0,002569702
434;0,004609703;0,006489703;0,000593703;0,000030303;0,000007953;0,000092403;0,000413703;0,000020303;0,000004073;0,000004143;0,000000973;0;0;0;6,52E-05;6,54E-05;5,80E-05;0,000423703;0,001249703;0,000857703;0,001179703;0,002859703
435;0,004089675;0,007249675;0,000712675;0,000035475;0,000006645;0,000083875;0,000411675;0,000021175;0,000004135;0;0,000000381;0,00000011;0,000000086;0;7,75E-05;7,57E-05;6,86E-05;0,000374675;0,001109675;0,000908675;0,001289675;0,003149675
436;0,003629687;0,008029687;0,000831687;0,000032987;0,000006467;0,000080787;0,000412687;0,000025487;0,000001837;0;0,000000027;0,000001217;0;0;1,65E-05;1,04E-05;1,07E-05;0,000328687;0,000994687;0,000964687;0,001409687;0,003449687
437;0,003219588;0,008799588;0,000999588;0,000029688;0,000006288;0,000078988;0,000415588;0,000028088;0,000001148;0,000015388;0,000001078;0,000001348;0;0;4,64E-05;4,35E-05;4,69E-05;0,000289588;0,000879588;0,001029588;0,001529588;0,003749588
438;0,002839606;0,009559606;0,001189606;0,000018806;0,000006146;0,000076506;0,000425606;0,000034106;0;0;0,000004496;0,000001336;0,000000111;0;8,49E-05;7,91E-05;6,47E-05;0,000257606;0,000782606;0,001099606;0,001639606;0,004049606
439;0,002499636;0,010299636;0,001419636;0,000023436;0,000005206;0,000076536;0,000437636;0,000039736;0,000000132;0,000002436;0,000002846;0;0,000000716;0;0,000141771;0,000122987;0,000105769;0,000227636;0,000686636;0,001169636;0,001769636;0,004329636
440;0,002169642;0,010899642;0,001719642;0,000023942;0,000013042;0,000076742;0,000454642;0,000048442;0,000019542;0,000017042;0;0;0,000000408;0;0,000185845;0,000159499;0,000147267;0,000200642;0,000600642;0,001259642;0,001879642;0,004599642
441;0,001899501;0,011299501;0,001999501;0,000036901;0,000009501;0,000073401;0,000478501;0,000047001;0;0;0;0,000000162;0;0;8,65E-05;7,22E-05;5,93E-05;0,000180501;0,000525501;0,001349501;0,002009501;0,004859501
442;0,001639562;0,011699562;0,002359562;0,000040962;0,000013762;0,000074362;0,000506562;0,000050162;0;0;0,000000323;0;0,000000347;0;0;0;0;0,000156562;0,000458562;0,001439562;0,002119562;0,005099562
443;0,001419473;0,011799473;0,002769473;0,000032573;0,000001473;0,000072373;0,000536473;0,000051873;0;0;0;0;0;0;0;0;0;0,000139473;0,000401473;0,001539473;0,002259473;0,005349473
444;0,001229461;0,011799461;0,003289461;0,000035161;0;0,000067561;0,000569461;0,000050261;0;0;0;0;0;0;0;0;0;0,000124461;0,000346461;0,001639461;0,002399461;0,005599461
445;0,001069413;0,011499413;0,003849413;0,000029513;0,000002493;0,000066213;0,000606413;0,000052213;0;0;0;0;0,000001163;0;1,91E-05;8,87E-06;3,08E-06;0,000112413;0,000306413;0,001729413;0,002549413;0,005839413
446;0,000934406;0,011099406;0,004519406;0,000032606;0,000005056;0,000064306;0,000642406;0,000048306;0,000003606;0;0;0,000000456;8,50E-08;0;1,91E-05;8,85E-06;3,07E-06;0,000099006;0,000270406;0,001789406;0,002709406;0,006089406
447;0,000817428;0,010499428;0,005269428;0,000038328;0,000005898;0,000063028;0,000675428;0,000045128;0,000001078;0;0;0,000002358;0,000000197;0;2,47E-05;3,56E-06;0;0,000089228;0,000236428;0,001829428;0,002879428;0,006349428
448;0,000719401;0,009819401;0,006119401;0,000027701;0,000004591;0,000053601;0,000699401;0,000046701;0;0;0;0;0,000000309;0;9,64E-05;7,22E-05;5,61E-05;0,000080701;0,000216401;0,001849401;0,003059401;0,006599401
449;0,000647377;0,008999377;0,007129377;0,000042977;0,000005547;0,000051177;0,000716377;0,000046177;0;0,000009377;0,000001157;0;0,000000767;0;8,30E-05;6,94E-05;5,59E-05;0,000072977;0,000189377;0,001829377;0,003219377;0,006839377
450;0,000573391;0,008139391;0,008319391;0,000028691;0,000003841;0,000047891;0,000724391;0,000043791;0,000004851;0;0,000013191;0;0;0;1,13E-05;8,12E-07;0;0,000063891;0,000164391;0,001779391;0,003389391;0,007039391
451;0,000508467;0,007279467;0,009639467;0,000034767;0,000010367;0,000043767;0,000718467;0,000036167;0,000005227;0;0,000002327;0;0,000000667;0;0;0;0;0,000057367;0,000145467;0,001699467;0,003519467;0,007169467
452;0,000457517;0,006469517;0,011099517;0,000044817;0,000005867;0,000042317;0,000699517;0,000037417;0;0,000005357;4,60E-08;0,000004077;0;0;0;0;0;0,000051417;0,000136517;0,001599517;0,003609517;0,007239517
453;0,000408516;0,005759516;0,012799516;0,000046416;0,000001806;0,000033816;0,000670516;0,000040916;0,000012716;0,000011716;0;0;0;0;1,25E-05;1,10E-05;0;0,000046616;0,000119516;0,001489516;0,003659516;0,007199516
454;0,000350478;0,005129478;0,014699478;0,000053778;0,000006788;0,000033178;0,000631478;0,000035878;0,000005238;0;0,000001168;0,000000098;0;0;1,25E-05;1,10E-05;0;0,000042578;0,000109478;0,001379478;0,003649478;0,007069478
455;0,000315514;0,004579514;0,016699514;0,000062514;0,000002224;0,000034014;0,000588514;0,000033514;0,000005184;0;0,000005204;0;0;0;0;0;0;0,000040314;0,000100514;0,001269514;0,003599514;0,006839514
456;0,000275529;0,004099529;0,018799529;0,000067129;0,000007779;0,000032529;0,000543529;0,000035529;0;0;0,00000033;0;0,000000539;0;1,50E-05;9,42E-06;1,58E-05;0,000036129;0,000093629;0,001179529;0,003479529;0,006499529
457;0,000243485;0,003689485;0,021099485;0,000110485;0,000003915;0,000026285;0,000496485;0,000038285;0,000024685;0;0,000001485;0,000001735;0,000001225;0;1,49E-05;9,39E-06;1,58E-05;0,000033085;0,000082485;0,001089485;0,003319485;0,006089485
458;0,000217516;0,003319516;0,023499516;0,000105516;0,000005296;0,000027916;0,000452516;0,000033016;0,000010716;0;0,000001196;0,000000194;0;0;0;0;0;0,000029616;0,000066616;0,001019516;0,003119516;0,005619516
459;0,00018452;0,00298952;0,02599952;0,00013152;0,00000495;0,00002632;0,00041652;0,00002992;0;0,00001052;0,000001;0,000000115;0;0;3,44E-05;3,05E-05;1,95E-05;0,00002662;0,00006152;0,00096852;0,00290952;0,00513952
460;0,000163526;0,002699526;0,028399526;0,000146526;0,000012026;0,000029026;0,000385526;0,000027726;0,000003116;0,000010026;0;0;0,000003366;0;5,50E-05;5,51E-05;4,03E-05;0,000025526;0,000059426;0,000930526;0,002689526;0,004659526
461;0,000149469;0,002429469;0,030799469;0,000171469;0,000011269;0,000032869;0,000363469;0,000030069;0;0,000011369;0,000012569;0;0,000001539;0;2,06E-05;2,46E-05;2,08E-05;0,000022569;0,000053169;0,000901469;0,002489469;0,004219469
462;0,000129488;0,002169488;0,033199488;0,000204488;0,000008128;0,000032388;0,000342488;0,000027288;0,000003608;0,000002748;0;0;0;0;2,40E-05;1,62E-05;1,81E-06;0,000021888;0,000047388;0,000874488;0,002299488;0,003809488
463;0,000116537;0,001929537;0,035499537;0,000231537;0,000013037;0,000033037;0,000328537;0,000025137;0,000003677;0,000002817;0,000005877;0,000001067;0,000001507;0;2,39E-05;1,62E-05;1,81E-06;0,000020437;0,000039737;0,000847537;0,002149537;0,003449537
464;0,000096872;0,001689572;0,037599572;0,000270572;0,000019072;0,000032572;0,000317572;0,000021672;0;0;0,000000782;0;0;0;2,52E-05;3,33E-05;2,86E-05;0,000016272;0,000040872;0,000826572;0,002009572;0,003139572
465;0,000089502;0,001499502;0,039699502;0,000320502;0,000023002;0,000036802;0,000311502;0,000022802;0,000000237;0;0;0;0;0;2,52E-05;3,32E-05;2,85E-05;0,000016702;0,000037102;0,000802502;0,001909502;0,002899502
466;0,000079952;0,001329552;0,041499552;0,000362552;0,000024352;0,000033852;0,000302552;0,000019352;0,000005502;0;0;0;0;0;0;0;0;0,000016352;0,000033652;0,000775552;0,001819552;0,002699552
467;0,000070709;0,001159509;0,043299509;0,000413509;0,000023009;0,000037109;0,000295509;0,000021609;0,000000959;0;0;0;0;0;0;0;0;0,000016809;0,000035309;0,000749509;0,001749509;0,002519509
468;0,000072355;0,001019555;0,044899555;0,000482555;0,000033755;0,000036355;0,000288555;0,000019455;0;0,000000061;0;0,000004385;0;0;0;0;0;0,000016555;0,000034755;0,000725555;0,001679555;0,002359555
469;0,000065289;0,000896489;0,046399489;0,000562489;0,000030689;0,000041989;0,000279489;0,000021289;0,000001919;0;0;0;0;0;6,35E-07;0;0;0,000013889;0,000030089;0,000696489;0,001619489;0,002219489
470;0,00005845;0,00079255;0,04759955;0,00063655;0,00003765;0,00004765;0,00027055;0,00001915;0,00001735;0,00000077;0,00000174;0,00000133;0;0;6,34E-07;0;0;0,00001595;0,00002845;0,00067555;0,00155955;0,00208955
471;0,000050054;0,000711554;0,048699554;0,000734554;0,000041954;0,000051254;0,000260554;0,000018054;0,000002814;0,000007184;0,000004504;0;0;0;0;0;0;0,000013354;0,000023854;0,000656554;0,001499554;0,001969554
472;0,000041058;0,000636558;0,049599558;0,000835558;0,000046758;0,000056158;0,000249558;0,000014858;0,000001618;0,000003108;0,000000422;0,000001058;0;0;4,30E-05;3,29E-05;3,99E-05;0,000012158;0,000022958;0,000638558;0,001439558;0,001849558
473;0,000040838;0,000566538;0,050399538;0,000973538;0,000057538;0,000064938;0,000241538;0,000014338;0;0,000002798;0;0;0;0;4,29E-05;3,28E-05;3,98E-05;0,000012238;0,000018738;0,000633538;0,001379538;0,001729538
474;0,000036579;0,000510579;0,050999579;0,001089579;0,000064979;0,000067979;0,000233579;0,000009319;0;0,000011579;0,000005159;0;0;0;1,21E-05;1,47E-05;8,46E-06;0,000012379;0,000020679;0,000631579;0,001329579;0,001609579
475;0,000034081;0,000463581;0,051199581;0,001259581;0,000081381;0,000072781;0,000230581;0,000012981;0,000000499;0;0;0;0,000000047;0;1,20E-05;1,47E-05;8,45E-06;0,000010681;0,000022281;0,000634581;0,001269581;0,001499581
476;0,000034881;0,000421581;0,051299581;0,001439581;0,000092181;0,000081781;0,000227581;0,000014781;0,00000053;0,000007801;0;0;0;0;6,87E-05;5,36E-05;5,56E-05;0,000011781;0,000021781;0,000641581;0,001219581;0,001399581
477;0,000029098;0,000379598;0,050999598;0,001639598;0,000108598;0,000091498;0,000227598;0,000014498;0,000022298;0,000013398;0,000002868;0;0;0;0,000113438;8,77E-05;9,08E-05;0,000011798;0,000015898;0,000651598;0,001169598;0,001309598
478;0,000029019;0,000338619;0,050399619;0,001839619;0,000112619;0,000108619;0,000225619;0,000018019;0,000001569;0,000005179;0,000001179;0;0,000001559;0;0,000100437;8,27E-05;8,01E-05;0,000009009;0,000020419;0,000666619;0,001139619;0,001229619
479;0,000029543;0,000310643;0,049399643;0,002099643;0,000128643;0,000121643;0,000230643;0,000018743;0,000003343;0;0;0;0;0;7,93E-05;7,24E-05;6,76E-05;0,000009943;0,000021443;0,000685643;0,001109643;0,001169643
480;0,000028143;0,000273643;0,048099643;0,002389643;0,000155643;0,000140643;0,000234643;0,000012843;0,000022743;0,000005123;0,000006743;0;0;0;2,37E-05;2,39E-05;2,28E-05;0,000009053;0,000015243;0,000706643;0,001089643;0,001119643
481;0,000028498;0,000238598;0,046499598;0,002709598;0,000170598;0,000160598;0,000243598;0,000011198;0,000011498;0,000004768;0,000004958;0,000001548;0;0;5,70E-05;4,59E-05;5,23E-05;0,000009268;0,000017098;0,000729598;0,001089598;0,001079598
482;0,000022797;0,000215597;0,044599597;0,003059597;0,000182597;0,000180597;0,000254597;0,000013297;0;0;0;0;0;0;6,25E-05;4,58E-05;5,22E-05;0,000010097;0,000017697;0,000752597;0,001089597;0,001049597
483;0,000020118;0,000188618;0,042299618;0,003459618;0,000228618;0,000206618;0,000266618;0,000005078;0,000001158;0;0;0;0;0;5,53E-06;0;0;0,000009578;0,000015818;0,000778618;0,001089618;0,001019618
484;0,000019573;0,000172573;0,039999573;0,003919573;0,000252573;0,000241573;0,000277573;0,000007203;0,000007933;0,000002743;0,000000077;0;0;0;2,49E-05;2,30E-05;1,70E-05;0,000009873;0,000014673;0,000807573;0,001099573;0,001019573
485;0,000022702;0,000153602;0,037499602;0,004429602;0,000286602;0,000278602;0,000293602;0,000009552;0;0,000005232;0,000003562;0,000001262;0;0;0,000109559;8,48E-05;7,93E-05;0,000010102;0,000012602;0,000833602;0,001119602;0,001019602
486;0,000025318;0,000130618;0,034999618;0,004989618;0,000328618;0,000320618;0,000310618;0,000007018;0,000000454;0,000019818;0,000001048;0,000000034;0;0;9,62E-05;8,12E-05;8,39E-05;0,000008748;0,000009528;0,000864618;0,001139618;0,001019618
487;0,000023861;0,000122561;0,032599561;0,005609561;0,000380561;0,000366561;0,000328561;0,000003061;0;0;0,000007811;0,000005581;0;0;1,25E-05;1,94E-05;2,17E-05;0,000008661;0,000012161;0,000893561;0,001159561;0,001019561
488;0,000015567;0,000110567;0,030199567;0,006289567;0,000425567;0,000425567;0,000350567;0,000004167;0;0,000014767;0;0,000001687;0,000001197;0;3,02E-05;3,65E-05;2,63E-05;0,000008317;0,000011467;0,000928567;0,001189567;0,001039567
489;0,00001425;0,00010255;0,02799955;0,00704955;0,00047355;0,00048855;0,00037555;0,0000019;0;0,0000092;0;0;0,00000152;0;2,93E-05;3,64E-05;2,62E-05;0,00000794;0,00001495;0,00096255;0,00121955;0,00105955
490;0,000012694;0,000089594;0,025899594;0,007849594;0,000536594;0,000560594;0,000401594;0,000000984;0;0,000017894;0;0;0;0;1,86E-05;3,10E-05;1,39E-05;0,000008214;0,000010994;0,000996594;0,001249594;0,001079594
491;0,0000119;0,0000821;0,0239996;0,0087096;0,0006086;0,0006396;0,0004316;0,00000545;0;0,00000246;0;0,0000013;0,00000057;0;4,60E-05;5,08E-05;3,33E-05;0,00000769;0,0000138;0,0010296;0,0012796;0,0011096
492;0,000012155;0,000073955;0,022199555;0,009659555;0,000677555;0,000732555;0,000467555;0,000010955;0,000015555;0,000000409;0,000000745;0;0;0;2,74E-05;1,98E-05;1,94E-05;0,000007405;0,000013555;0,001069555;0,001319555;0,001149555
493;0,000010924;0,000069724;0,020599624;0,010699624;0,000777624;0,000833624;0,000504624;0,000007014;0,000006904;0,000004964;0,000003434;0;0;0;4,10E-05;2,48E-05;2,80E-05;0,000006974;0,000013824;0,001109624;0,001349624;0,001189624
494;0,000017098;0,000066198;0,019199598;0,011699598;0,000872598;0,000944598;0,000546598;0,000004768;0,000014598;0;0,000004338;0,000001118;0,000000618;0;4,09E-05;2,48E-05;2,80E-05;0,000007138;0,000012898;0,001149598;0,001389598;0,001229598
495;0,00001648;0,00005878;0,01779958;0,01279958;0,00098658;0,00105958;0,00058958;0,00000958;0,00001798;0;0,00000326;0,000000168;0,000000527;0;0;0;0;0,00000756;0,00001238;0,00117958;0,00142958;0,00128958
496;0,000009948;0,000050048;0,016599648;0,013899648;0,001109648;0,001189648;0,000636648;0,000006978;0;0,000003068;0;0,000001548;0,000000718;0;2,02E-05;2,46E-05;2,54E-05;0,000008638;0,000013348;0,001219648;0,001469648;0,001339648
497;0,000014202;0,000046602;0,015399602;0,014999602;0,001249602;0,001329602;0,000686602;0,000006892;0;0,000003762;0;0,000000311;0,000000238;0;4,20E-05;5,08E-05;4,51E-05;0,000007152;0,000010202;0,001259602;0,001519602;0,001409602
498;0,000013757;0,000037457;0,014199657;0,015999657;0,001419657;0,001479657;0,000739657;0,000005727;0,000005267;0,000010857;0;0,000001567;0;0;2,18E-05;2,62E-05;1,97E-05;0,000006587;0,000011857;0,001289657;0,001559657;0,001469657
499;0,000012698;0,000036298;0,013199698;0,016999698;0,001599698;0,001639698;0,000793698;0,000006358;0,000010498;0,000003208;0;0;0;0;0;0;0;0,000006758;0,000010098;0,001329698;0,001609698;0,001539698
500;0,000016697;0,000034297;0,012199697;0,017999697;0,001789697;0,001799697;0,000847697;0,000007977;0,000006427;0,000000474;0;0,000000621;0;0;5,02E-05;6,08E-05;6,82E-05;0,000007327;0,000007397;0,001359697;0,001659697;0,001619697
501;0,00001373;0,00003573;0,01119973;0,01879973;0,00201973;0,00195973;0,00090373;0,00000469;0;0,00000084;0;0,00000219;0;0;5,01E-05;6,07E-05;6,81E-05;0,00000923;0,00001423;0,00138973;0,00169973;0,00169973
502;0,00002163;0,00003303;0,01029973;0,01949973;0,00226973;0,00212973;0,00096273;0,00000433;0;0,00001273;0;0;0,000000267;0;9,41E-06;0;1,61E-06;0,00000775;0,00001003;0,00142973;0,00174973;0,00177973
503;0,000012898;0,000028098;0,009489698;0,019999698;0,002549698;0,002299698;0,001019698;0,000004558;0;0;0;0;0,000000768;0;5,94E-05;4,53E-05;4,38E-05;0,000007778;0,000012098;0,001459698;0,001789698;0,001859698
504;0,000013479;0,000026179;0,008689679;0,020399679;0,002859679;0,002479679;0,001079679;0,000007229;0,000007689;0;0;0;0;0;9,17E-05;7,74E-05;7,82E-05;0,000006689;0,000013079;0,001479679;0,001839679;0,001939679
505;0,000011777;0,000022877;0,007949677;0,020599677;0,003199677;0,002659677;0,001129677;0,000010577;0,000001157;0;0,000003757;0,000000655;0;0;4,94E-05;5,27E-05;5,59E-05;0,000007217;0,000013377;0,001509677;0,001879677;0,002029677
506;0,000006469;0,000024239;0,007249639;0,020599639;0,003579639;0,002829639;0,001189639;0,000010439;0,000024239;0;0;0;0;0;7,66E-06;2,05E-05;1,99E-05;0,000006119;0,000011239;0,001539639;0,001929639;0,002109639
507;0,000009187;0,000020117;0,006639717;0,020499717;0,004009717;0,003009717;0,001249717;0,000011517;0;0,000004167;0;0,000001957;0,000000713;0;0;0;0;0,000006617;0,000012917;0,001559717;0,001969717;0,002189717
508;0,000009823;0,000018423;0,006079723;0,020199723;0,004479723;0,003189723;0,001309723;0,000011723;0,000005253;0,000014323;0,000003523;0,000003313;0;0;3,06E-05;3,34E-05;2,47E-05;0,000006233;0,000012923;0,001589723;0,002009723;0,002269723
509;0,000007993;0,000017633;0,005539733;0,019699733;0,004979733;0,003359733;0,001359733;0,000015633;0,000005753;0,000005033;0,000001723;0,000000793;0;0;5,55E-05;5,68E-05;3,47E-05;0,000006263;0,000010233;0,001619733;0,002049733;0,002349733
510;0,000012123;0,000017723;0,005059723;0,019099723;0,005519723;0,003539723;0,001419723;0,000016723;0;0;0,000008073;0;0;0;2,50E-05;2,35E-05;1,00E-05;0,000007893;0,000011523;0,001639723;0,002089723;0,002429723
511;0,000011311;0,000015311;0,004639711;0,018399711;0,006109711;0,003699711;0,001469711;0,000018511;0,000002411;0,000010611;0;0;0;0;1,22E-05;2,26E-05;7,16E-06;0,000006281;0,000009051;0,001659711;0,002129711;0,002509711
512;0,000013502;0,000016302;0,004269702;0,017599702;0,006719702;0,003849702;0,001519702;0,000019202;0,000009702;0,000008602;0;0,000001082;0;0;1,22E-05;2,25E-05;7,14E-06;0,000005382;0,000009332;0,001689702;0,002169702;0,002589702
513;0,000013006;0,000014806;0,003939706;0,016799706;0,007339706;0,003999706;0,001569706;0,000027006;0;0,000011806;0,000002326;0,000001016;0;0;0;0;0;0,000006646;0,000012406;0,001709706;0,002199706;0,002659706
514;0,000015821;0,000015521;0,003639721;0,015899721;0,007989721;0,004139721;0,001619721;0,000030821;0,000002091;0,000007101;0,000000781;0,000002081;0;0;1,70E-05;2,09E-05;1,77E-05;0,000005971;0,000010421;0,001729721;0,002239721;0,002729721
515;0,000010747;0,000013147;0,003349747;0,015099747;0,008649747;0,004279747;0,001659747;0,000032747;0,000016547;0,000004917;0,000001987;0,000000245;0;0;1,70E-05;2,09E-05;1,77E-05;0,000004007;0,000013247;0,001749747;0,002269747;0,002799747
516;0,00001312;0,00001352;0,00308972;0,01419972;0,00928972;0,00440972;0,00169972;0,00003782;0,00000346;0;0;0,00000676;0,00000164;0;2,21E-05;2,97E-05;1,36E-05;0,00000658;0,00001062;0,00177972;0,00230972;0,00285972
517;0,000007928;0,000015818;0,002859718;0,013399718;0,009919718;0,004529718;0,001739718;0,000044918;0,000019318;0,000000316;0;0,000001028;0,000000473;0;2,20E-05;2,96E-05;1,36E-05;0,000007028;0,000011918;0,001799718;0,002339718;0,002929718
518;0,000008856;0,000013896;0,002629696;0,012699696;0,010499696;0,004639696;0,001779696;0,000051296;0,000005876;0,000009026;0,000003756;0,000002996;0;0;0;0;0;0,000006016;0,000012296;0,001809696;0,002369696;0,002989696
519;0,000008819;0,000015689;0,002419689;0,011899689;0,011099689;0,004749689;0,001819689;0,000057789;0,000015989;0,000003479;0,000003899;0,000005139;0;0;0;1,78E-05;7,26E-06;0,000005849;0,000010689;0,001839689;0,002409689;0,003039689
520;0,000015139;0,000014239;0,002219639;0,011299639;0,011599639;0,004859639;0,001859639;0,000068539;0,000000545;0;0;0;0;0;0;1,77E-05;7,25E-06;0,000005079;0,000015339;0,001859639;0,002439639;0,003099639
521;0,000014186;0,000009566;0,002039686;0,010599686;0,011999686;0,004949686;0,001889686;0,000074786;0;0,000002026;0;0,000002166;0,000000194;0;0;0;5,04E-08;0,000006226;0,000009426;0,001879686;0,002469686;0,003149686
522;0,000012067;0,000008867;0,001879667;0,009999667;0,012399667;0,005039667;0,001919667;0,000085767;0;0,000009347;0;0;0;0;0;0;5,03E-08;0,000006097;0,000011667;0,001899667;0,002499667;0,003199667
523;0,000011874;0,000010074;0,001739674;0,009459674;0,012599674;0,005119674;0,001949674;0,000099374;0;0,000001834;0;0,000000964;0,000000477;0;0;0;0;0,000006174;0,000011774;0,001929674;0,002529674;0,003249674
524;0,000007726;0,000013576;0,001589676;0,008909676;0,012699676;0,005199676;0,001979676;0,000108676;0,000012376;0,000000168;0,000005006;0,000000221;0,000000017;0;0;0;0;0,000004696;0,000011076;0,001949676;0,002559676;0,003299676
525;0,000007005;0,000009155;0,001439685;0,008409685;0,012799685;0,005269685;0,002009685;0,000127685;0,00000044;0;3,00E-09;0,000001155;0;0;0;0;0;0,000005875;0,000007515;0,001979685;0,002599685;0,003339685
526;0,000010704;0,000010404;0,001309704;0,007919704;0,012699704;0,005339704;0,002029704;0,000141704;0,000003924;0;0;0;0,000000134;0;4,97E-05;5,74E-05;4,31E-05;0,000005344;0,000009184;0,001999704;0,002629704;0,003379704
527;0,000010973;0,000009283;0,001229673;0,007449673;0,012499673;0,005399673;0,002059673;0,000160673;0,000002293;0;0,000004413;0,000000208;0;0;9,54E-05;9,97E-05;7,45E-05;0,000004853;0,000011473;0,002029673;0,002649673;0,003419673
528;0,0000149;0,0000101;0,0011197;0,0069997;0,0122997;0,0054497;0,0020797;0,0001817;0,000012;0,00000234;0,00000634;0,000000448;0;0;4,57E-05;4,23E-05;3,14E-05;0,00000472;0,00000743;0,0020597;0,0026797;0,0034497
529;0,000014004;0,000013104;0,001029704;0,006549704;0,011899704;0,005489704;0,002089704;0,000202704;0,000005834;0,000004414;0;0,000001634;0;0;8,52E-05;8,03E-05;8,00E-05;0,000005804;0,000006664;0,002079704;0,002709704;0,003479704
530;0,000011321;0,000012221;0,000936721;0,006119721;0,011499721;0,005539721;0,002109721;0,000228721;0;0,000000159;0;0;0;0;8,50E-05;8,02E-05;7,99E-05;0,000005191;0,000011121;0,002109721;0,002739721;0,003509721
531;0,000013154;0,000006734;0,000882654;0,005709654;0,011099654;0,005579654;0,002129654;0,000252654;0,000020354;0,000001024;0;0,000001164;0,000000854;0;6,00E-05;4,72E-05;4,57E-05;0,000004334;0,000006664;0,002129654;0,002769654;0,003539654
532;0,000012859;0,000012159;0,000810659;0,005309659;0,010599659;0,005619659;0,002139659;0,000282659;0,000017259;0;0;0,000002079;0,000001599;0;8,75E-05;6,38E-05;6,04E-05;0,000005069;0,000008339;0,002159659;0,002799659;0,003569659
533;0,000007862;0,000010772;0,000751672;0,004939672;0,010099672;0,005659672;0,002159672;0,000318672;0,000010172;0,000003572;0;0,000001292;0,000000317;0;7,38E-05;7,38E-05;6,59E-05;0,000005382;0,000006512;0,002189672;0,002829672;0,003589672
534;0,000010991;0,000007021;0,000695691;0,004579691;0,009649691;0,005689691;0,002169691;0,000354691;0,000024491;0,000002031;0;0,000001511;0,000001161;0;6,21E-05;7,67E-05;7,86E-05;0,000004691;0,000005141;0,002219691;0,002849691;0,003609691
535;0,000009329;0,000012499;0,000622599;0,004249599;0,009159599;0,005719599;0,002179599;0,000391599;0,000019299;0;0,000002149;0,000003259;0;0;1,59E-05;1,96E-05;2,75E-05;0,000004459;0,000010799;0,002259599;0,002879599;0,003639599
536;0,000013905;0,000008325;0,000600605;0,003949605;0,008689605;0,005749605;0,002199605;0,000439605;0,000038805;0;0;0;0;0;0;0;0;0,000005735;0,000006105;0,002289605;0,002909605;0,003659605
537;0,00001036;0,00001086;0,00054856;0,00364956;0,00824956;0,00576956;0,00220956;0,00049156;0,00001836;0,00000642;0,00000072;0,00000318;0,00000159;0;1,02E-05;1,91E-05;1,66E-05;0,0000041;0,00000875;0,00231956;0,00293956;0,00367956
538;0,000011835;0,000010635;0,000502535;0,003389535;0,007829535;0,005789535;0,002219535;0,000542535;0,000026335;0,000008075;0,000000615;0,000000555;0;0;4,53E-05;5,14E-05;3,48E-05;0,000004485;0,000009155;0,002359535;0,002969535;0,003689535
539;0,000012268;0,000010768;0,000461468;0,003149468;0,007439468;0,005809468;0,002219468;0,000601468;0,000042868;0,000000938;0;0,000001398;0;0;8,55E-05;8,40E-05;7,20E-05;0,000004558;0,000010168;0,002389468;0,002999468;0,003709468
540;0,000012086;0,000007916;0,000437386;0,002909386;0,007069386;0,005819386;0,002229386;0,000663386;0,000040286;0,000011386;0;0;0;0;5,69E-05;5,77E-05;5,37E-05;0,000002686;0,000003686;0,002419386;0,003019386;0,003719386
541;0,000006936;0,000005586;0,000387276;0,002699276;0,006699276;0,005839276;0,002239276;0,000730276;0,000025376;0,000037676;0,000003116;0,000003376;0;0;2,95E-05;3,12E-05;1,11E-05;0,000004736;0,000011376;0,002459276;0,003049276;0,003739276
542;0,000006189;0,000007339;0,000367169;0,002499169;0,006379169;0,005849169;0,002239169;0,000805169;0,000049069;0;0,000002059;0;0;0;2,30E-05;2,50E-05;1,11E-05;0,000005079;0,000007159;0,002489169;0,003079169;0,003749169
543;0,000010313;0,000009113;0,000344113;0,002329113;0,006059113;0,005859113;0,002249113;0,000884113;0,000064713;0,000003423;0,000001863;0;0;0;0;0;0;0,000003603;0,000007093;0,002529113;0,003099113;0,003759113
544;0,000009286;0,000006406;0,000317086;0,002169086;0,005749086;0,005859086;0,002249086;0,000969086;0,000074186;0,000002156;0,000002346;0;0;0;0;0;0;0,000004036;0,000008366;0,002559086;0,003129086;0,003769086
545;0,000010629;0,000006729;0,000298129;0,002019129;0,005469129;0,005869129;0,002249129;0,001069129;0,000084029;0,000015929;0;0,000001499;0;0;0;0;0;0,000004599;0,000009009;0,002599129;0,003159129;0,003779129
546;0,000009972;0,000010072;0,000281172;0,001879172;0,005179172;0,005869172;0,002259172;0,001159172;0,000100172;0,000000562;0;0;0;0;0;0;0;0,000004472;0,000006462;0,002639172;0,003179172;0,003789172
547;0,000013863;0,000011163;0,000258263;0,001749263;0,004899263;0,005869263;0,002259263;0,001269263;0,000113263;0,000008593;0;0;0;0;0;0;0;0,000003663;0,000010763;0,002669263;0,003209263;0,003799263
548;0,000010591;0,000007931;0,000249391;0,001619391;0,004639391;0,005869391;0,002259391;0,001379391;0,000133391;0,000003681;0;0;0;0;0;0;0;0,000004291;0,000008911;0,002709391;0,003229391;0,003809391
549;0,000008929;0,000006719;0,000223459;0,001519459;0,004379459;0,005879459;0,002259459;0,001499459;0,000160459;0,000004979;0,000001519;0;0;0;0;0;0;0,000004069;0,000005259;0,002749459;0,003259459;0,003819459
550;0,000011705;0,000010605;0,000218505;0,001409505;0,004119505;0,005879505;0,002259505;0,001629505;0,000191505;0,000009065;0,000000745;0,000002195;0;0;3,41E-05;3,14E-05;2,01E-05;0,000002915;0,000006685;0,002789505;0,003289505;0,003829505
551;0,000010825;0,000006915;0,000196525;0,001299525;0,003869525;0,005869525;0,002259525;0,001759525;0,000204525;0,000000865;0,000005175;0,000001405;0,000000157;0;3,41E-05;3,14E-05;2,01E-05;0,000003805;0,000007505;0,002829525;0,003319525;0,003849525
552;0,000011489;0,000008129;0,000189589;0,001209589;0,003629589;0,005879589;0,002259589;0,001899589;0,000260589;0,000005219;0,000011389;0,000000124;0;0;3,81E-05;3,87E-05;2,43E-05;0,000004809;0,000008079;0,002869589;0,003339589;0,003849589
553;0,000009518;0,000002968;0,000184588;0,001129588;0,003399588;0,005869588;0,002259588;0,002049588;0,000306588;0,000006748;0,000002138;0,000000698;0;0;3,81E-05;3,86E-05;2,43E-05;0,000003568;0,000007358;0,002909588;0,003369588;0,003859588
554;0,000011708;0,000006918;0,000165608;0,001039608;0,003169608;0,005859608;0,002259608;0,002199608;0,000325608;0,000012408;0,000002338;0;0,000000215;0;0;0;0;0,000003578;0,000006958;0,002949608;0,003389608;0,003869608
555;0,000007647;0,000005767;0,000152617;0,000968617;0,002959617;0,005859617;0,002259617;0,002359617;0,000384617;0,000006597;0,000004977;0,000000997;0,000000173;0;0;0;0;0,000003827;0,000009107;0,002989617;0,003419617;0,003879617
556;0,000010228;0,000007168;0,000152628;0,000897628;0,002769628;0,005849628;0,002259628;0,002519628;0,000449628;0,000020428;0,000006368;0,000003068;0;0;4,56E-06;2,60E-06;1,02E-05;0,000003998;0,000006098;0,003039628;0,003449628;0,003879628
557;0,000008053;0,000008493;0,000132653;0,000834653;0,002579653;0,005839653;0,002259653;0,002689653;0,000513653;0,000021753;0,000008963;0;0;0;4,55E-06;2,59E-06;1,02E-05;0,000003793;0,000004183;0,003069653;0,003469653;0,003889653
558;0,000007511;0,000008181;0,000134611;0,000771611;0,002409611;0,005829611;0,002249611;0,002859611;0,000604611;0,000022311;0,000004971;0,000004071;0;0;0;0;0;0,000003351;0,000008041;0,003119611;0,003499611;0,003899611
559;0,000007286;0,000008776;0,000131646;0,000719646;0,002249646;0,005819646;0,002249646;0,003039646;0,000682646;0,000028146;0,000001886;0;0;0;0;0;0;0,000004926;0,000005876;0,003159646;0,003529646;0,003909646
560;0,000009742;0,000006962;0,000114642;0,000661642;0,002099642;0,005799642;0,002239642;0,003219642;0,000793642;0,000046442;0,000004492;0;0;0;3,73E-05;4,63E-05;3,02E-05;0,000004822;0,000006082;0,003209642;0,003549642;0,003909642
561;0,000008274;0,000007254;0,000116634;0,000609634;0,001959634;0,005779634;0,002239634;0,003399634;0,000918634;0,000043334;0,000013734;0;0;0;3,72E-05;4,62E-05;3,01E-05;0,000003464;0,000007254;0,003249634;0,003579634;0,003919634
562;0,000012135;0,000005705;0,000119635;0,000573635;0,001829635;0,005769635;0,002239635;0,003589635;0,001069635;0,000043435;0,000002555;0;0;0;2,28E-05;1,75E-05;1,19E-05;0,000003045;0,000006235;0,003289635;0,003599635;0,003919635
563;0,000007832;0,000002142;0,000091182;0,000528682;0,001709682;0,005749682;0,002229682;0,003769682;0,001219682;0,000044382;0,000006972;0,000000204;0;0;2,27E-05;1,75E-05;1,19E-05;0,000004182;0,000008872;0,003329682;0,003629682;0,003919682
564;0,000007528;0,000007038;0,000104658;0,000489658;0,001609658;0,005729658;0,002219658;0,003959658;0,001399658;0,000061658;0,000008158;0;0;0;4,59E-05;3,73E-05;2,88E-05;0,000003698;0,000005048;0,003379658;0,003649658;0,003929658
565;0,000009298;0,000008228;0,000097608;0,000457708;0,001499708;0,005709708;0,002209708;0,004149708;0,001589708;0,000068708;0,000012508;0,000000271;0,000000468;0;4,58E-05;3,72E-05;2,88E-05;0,000004628;0,000007078;0,003419708;0,003679708;0,003929708
566;0,000010769;0,000005439;0,000091769;0,000422669;0,001409669;0,005679669;0,002209669;0,004339669;0,001809669;0,000067469;0,000008679;0;0,000000839;0;0;0;0;0,000005529;0,000005489;0,003469669;0,003699669;0,003929669
567;0,000008779;0,000003909;0,000082079;0,000391679;0,001319679;0,005659679;0,002199679;0,004519679;0,002059679;0,000085779;0,000011579;0,000002149;0,000001119;0;0;0;0;0,000004179;0,000005059;0,003509679;0,003729679;0,003929679
568;0,000007616;0,000009796;0,000079196;0,000361696;0,001239696;0,005639696;0,002199696;0,004699696;0,002339696;0,000106696;0,000019496;0;0;0;2,56E-05;1,95E-05;2,85E-05;0,000003756;0,000006026;0,003559696;0,003749696;0,003939696
569;0,00000881;0,00000313;0,00006611;0,00034271;0,00116971;0,00560971;0,00218971;0,00487971;0,00267971;0,00010471;0,00002451;0;0;0;2,55E-05;1,94E-05;2,84E-05;0,00000321;0,00000612;0,00359971;0,00377971;0,00393971
570;0,000004591;0,000006201;0,000070311;0,000314711;0,001099711;0,005579711;0,002179711;0,005049711;0,003039711;0,000122711;0,000026811;0,000000891;0,000000193;0;0;0;0;0,000003421;0,000003531;0,003649711;0,003799711;0,003939711
571;0,000004635;0,000007295;0,000067995;0,000291695;0,001029695;0,005559695;0,002169695;0,005229695;0,003469695;0,000142695;0,000032495;0,000002475;0;0;0;0;0;0,000003345;0,000005435;0,003689695;0,003819695;0,003929695
572;0,000005196;0,000008996;0,000060886;0,000276686;0,000964686;0,005529686;0,002159686;0,005399686;0,003959686;0,000169686;0,000032386;0,000001406;0,000000062;0;0;0;0;0,000003406;0,000006636;0,003739686;0,003849686;0,003929686
573;0,000006085;0,000008965;0,000055495;0,000259695;0,000907695;0,005499695;0,002149695;0,005569695;0,004529695;0,000193695;0,000035795;0;0;0;4,21E-06;7,32E-06;2,01E-06;0,000002885;0,000006065;0,003789695;0,003869695;0,003929695
574;0,000005653;0,000009323;0,000050913;0,000247713;0,000846713;0,005469713;0,002139713;0,005729713;0,005149713;0,000221713;0,000037813;0,000002303;0;0;4,21E-06;7,31E-06;2,01E-06;0,000002653;0,000005473;0,003829713;0,003899713;0,003929713
575;0,000007655;0,000008685;0,000066995;0,000221695;0,000787695;0,005429695;0,002119695;0,005879695;0,005899695;0,000240695;0,000052795;0;0;0;0;0;0;0,000002515;0,000000855;0,003869695;0,003919695;0,003919695
576;0,000005644;0,000008144;0,000068144;0,000207644;0,000740644;0,005389644;0,002109644;0,006029644;0,006759644;0,000272644;0,000056644;0,000000118;0,000000099;0;0;0;0;0,000002004;0,000005674;0,003919644;0,003939644;0,003919644
577;0,000009746;0,000002426;0,000060046;0,000196646;0,000687646;0,005349646;0,002099646;0,006169646;0,007729646;0,000314646;0,000071346;0,000003136;0;0;0;0;0;0,000002836;0,000004956;0,003959646;0,003959646;0,003909646
578;0,000009773;0,000004543;0,000050173;0,000180673;0,000645673;0,005319673;0,002089673;0,006309673;0,008829673;0,000357673;0,000063873;0,000000426;0;0;6,00E-05;5,40E-05;5,03E-05;0,000001643;0,000004043;0,004009673;0,003979673;0,003899673
579;0,000007484;0,000007014;0,000068934;0,000174634;0,000597634;0,005279634;0,002069634;0,006429634;0,010099634;0,000419634;0,000076634;0;0,000000613;0;5,99E-05;5,39E-05;5,02E-05;0,000004374;0,000005294;0,004059634;0,003999634;0,003889634
580;0,000006865;0,000007305;0,000059015;0,000165615;0,000559615;0,005239615;0,002059615;0,006549615;0,011599615;0,000466615;0,000085515;0,000002255;0,000000533;0;0;8,95E-06;0;0,000002305;0,000004595;0,004099615;0,004019615;0,003879615
581;0,000008698;0,000008448;0,000061218;0,000151618;0,000514618;0,005189618;0,002039618;0,006659618;0,013299618;0,000535618;0,000089418;0,000001768;0,00000002;0;0;8,93E-06;0;0,000003058;0,000006218;0,004139618;0,004039618;0,003869618
582;0,000008835;0,000005235;0,000068065;0,000139565;0,000487565;0,005139565;0,002029565;0,006769565;0,015199565;0,000598565;0,000112565;0,000002845;0;0;1,79E-06;1,20E-05;1,85E-05;0,000002065;0,000003015;0,004179565;0,004059565;0,003859565
583;0,00000932;0,00000721;0,00005737;0,00012857;0,00045157;0,00509957;0,00200957;0,00686957;0,01749957;0,00069157;0,00012257;0,0000026;0;0;1,79E-06;1,19E-05;1,85E-05;0,00000289;0,00000735;0,00422957;0,00407957;0,00383957
584;0,000005001;0,000008511;0,000038561;0,000125561;0,000422561;0,005049561;0,001999561;0,006949561;0,019999561;0,000770561;0,000145561;0,000005391;0,000000266;0;0;0;0;0,000002901;0,000005521;0,004269561;0,004089561;0,003819561
585;0,000005826;0,000004326;0,000045946;0,000113546;0,000399546;0,005009546;0,001979546;0,007029546;0,022799546;0,000881546;0,000160546;0;0;0;0;0;0;0,000002746;0,000004246;0,004299546;0,004109546;0,003809546
586;0,000008064;0,000005334;0,000038134;0,000115534;0,000368534;0,004959534;0,001959534;0,007099534;0,025999534;0,000999534;0,000183534;0,000001554;0;0;0;0;0;0,000003514;0,000004054;0,004339534;0,004119534;0,003789534
587;0,000004689;0,000004749;0,000031529;0,000106529;0,000345529;0,004919529;0,001949529;0,007159529;0,029499529;0,001139529;0,000204529;0,000000889;0;0;0;0;0;0,000004039;0,000004069;0,004379529;0,004139529;0,003769529
588;0,00000657;0,000004;0,00003237;0,00009787;0,00031857;0,00485957;0,00192957;0,00721957;0,03339957;0,00127957;0,00023057;0,00000073;0,00000159;0;1,48E-05;2,53E-05;2,12E-05;0,00000291;0,00000257;0,00440957;0,00414957;0,00375957
589;0,000011857;0,000003907;0,000046657;0,000095957;0,000296557;0,004809557;0,001909557;0,007259557;0,037299557;0,001449557;0,000273557;0,000002747;0;0;6,00E-05;6,70E-05;6,59E-05;0,000002077;0,000007207;0,004449557;0,004159557;0,003729557
590;0,000005663;0,000002013;0,000037263;0,000073363;0,000279663;0,004759663;0,001889663;0,007309663;0,041499663;0,001669663;0,000305663;0,000001153;0,000000561;0;4,51E-05;4,17E-05;4,46E-05;0,000001473;0,000005793;0,004479663;0,004169663;0,003709663
591;0,000002083;0,000003323;0,000037753;0,000070553;0,000260653;0,004709653;0,001869653;0,007339653;0,045399653;0,001849653;0,000349653;0,000003713;0;0;0;1,25E-06;9,07E-06;0,000004043;0,000003573;0,004509653;0,004179653;0,003689653
592;0,000005475;0,000008825;0,000047855;0,000066755;0,000242655;0,004649655;0,001849655;0,007359655;0,048799655;0,002089655;0,000385655;0,000002635;0;0;3,70E-05;4,57E-05;4,25E-05;0,000002565;0;0,004539655;0,004179655;0,003659655
593;0,000007397;0,000005577;0,000037377;0,000063077;0,000229677;0,004599677;0,001839677;0,007379677;0,051199677;0,002369677;0,000442677;0,000003317;0;0;3,69E-05;4,44E-05;3,34E-05;0,000002697;0,000002697;0,004569677;0,004189677;0,003639677
594;0,000003769;0,000008109;0,000025729;0,000058629;0,000218729;0,004539729;0,001809729;0,007389729;0,052199729;0,002709729;0,000497729;0,000003639;0;0;0;0;0;0,000001969;0,000001849;0,004599729;0,004189729;0,003609729
595;0,000008317;0,000005627;0,000049787;0,000058087;0,000199687;0,004489687;0,001799687;0,007389687;0,051599687;0,003009687;0,000569687;0,000009227;0;0;5,94E-05;6,11E-05;5,71E-05;0,000001557;0,000008487;0,004619687;0,004189687;0,003579687
596;0,0000044;0,00000201;0,0000397;0,0000524;0,0001877;0,0044297;0,0017697;0,0073797;0,0488997;0,0034097;0,0006457;0,0000122;0,00000158;0;5,93E-05;6,10E-05;5,70E-05;0,00000218;0,00000324;0,0046397;0,0041897;0,0035497
597;0,000004039;0,000001619;0,000047689;0,000058289;0,000175689;0,004369689;0,001749689;0,007369689;0,044799689;0,003849689;0,000732689;0,000012489;0;0;0;0;0;0,000000869;0,000001059;0,004659689;0,004189689;0,003519689
598;0,00000759;0,00000404;0,00005277;0,00005327;0,00016667;0,00431967;0,00172967;0,00734967;0,03969967;0,00434967;0,00084067;0,00001607;0,00000082;0;5,52E-05;5,49E-05;2,97E-05;0,0000012;0,00000385;0,00467967;0,00418967;0,00348967
599;0,000007617;0,000006317;0,000043207;0,000050007;0,000160707;0,004249707;0,001709707;0,007329707;0,034199707;0,004889707;0,000961707;0,000021007;0,000001337;0;0,000150252;0,000142058;0,000105263;0,000001377;0,000005517;0,004689707;0,004179707;0,003459707
600;0,000004526;0,000004756;0,000055346;0,000041346;0,000149646;0,004199646;0,001689646;0,007289646;0,028899646;0,005499646;0,001089646;0,000027546;0,000000696;0;9,50E-05;8,71E-05;7,54E-05;0,000003496;0,000001896;0,004699646;0,004179646;0,003429646
601;0,000008008;0,000002758;0,000050218;0,000043118;0,000137718;0,004139718;0,001669718;0,007259718;0,024099718;0,006189718;0,001229718;0,000029318;0,000001528;0;0;0;0;0,00000067;0,000004238;0,004709718;0,004169718;0,003399718
602;0,00000511;0,0000056;0,00003789;0,00005159;0,00012769;0,00407969;0,00164969;0,00720969;0,01989969;0,00697969;0,00136969;0,00003429;0,000000477;0;0;0;0;0,00000232;0,00000205;0,00471969;0,00415969;0,00334969
603;0,000006346;0,000003326;0,000038616;0,000041816;0,000128716;0,004019716;0,001619716;0,007169716;0,016499716;0,007809716;0,001549716;0,000038216;0,000002056;0;5,28E-05;3,40E-05;3,78E-05;0,000001706;0,000003196;0,004719716;0,004139716;0,003319716
604;0,000007455;0,000005885;0,000027195;0,000026995;0,000114695;0,003959695;0,001599695;0,007109695;0,013599695;0,008769695;0,001729695;0,000047395;0,000000805;0;9,10E-05;7,36E-05;6,27E-05;0,000002575;0,000005125;0,004729695;0,004129695;0,003289695
605;0,000003996;0,000007396;0,000037806;0,000040406;0,000107706;0,003899706;0,001579706;0,007049706;0,011199706;0,009859706;0,001959706;0,000056106;0,000001366;0;3,82E-05;3,96E-05;2,49E-05;0,000002476;0,000005776;0,004729706;0,004109706;0,003249706
606;0,000006583;0,000006623;0,000009473;0,000041903;0,000103703;0,003849703;0,001559703;0,006999703;0,009199703;0,011099703;0,002199703;0,000063403;0,000000535;0;0;0;0;0,000001773;0,000000254;0,004729703;0,004099703;0,003209703
607;0,000007507;0;0,000025157;0,000029457;0,000097457;0,003779657;0,001529657;0,006929657;0,007599657;0,012399657;0,002459657;0,000069957;0,000000897;0;8,08E-06;1,84E-05;6,15E-06;0,000002157;0,000002287;0,004719657;0,004079657;0,003169657
608;0,000003354;0,000001514;0,000035484;0,000034184;0,000086184;0,003719584;0,001509584;0,006859584;0,006239584;0,013899584;0,002769584;0,000078584;0;0;8,07E-06;1,84E-05;6,14E-06;0,000001284;0,000000049;0,004719584;0,004059584;0,003139584
609;0,000001015;0,000002325;0,000034255;0,000021455;0,000080355;0,003659455;0,001489455;0,006779455;0,005109455;0,015499455;0,003109455;0,000094555;0,000000328;0;6,87E-06;2,18E-05;1,30E-05;0,000001625;0,000003245;0,004709455;0,004039455;0,003089455
610;0,000001211;0,000004241;0,000041721;0,000029321;0,000077821;0,003599321;0,001469321;0,006709321;0,004149321;0,017399321;0,003499321;0,000110321;0,000000331;0;6,86E-06;2,17E-05;1,29E-05;0,000001131;0,000005031;0,004699321;0,004009321;0,003049321
611;0,000003321;0,000000431;0,000031001;0,000028501;0,000072301;0,003539301;0,001439301;0,006619301;0,003339301;0,019399301;0,003939301;0,000122301;0;0;0;0;0;0,000002841;0,000002341;0,004679301;0,003989301;0,003009301
612;0,000007141;0;0,000044511;0,000027911;0,000061311;0,003479311;0,001419311;0,006539311;0,002699311;0,021599311;0,004429311;0,000134311;0;0;0;0;0;0,00000021;0,000001461;0,004659311;0,003959311;0,002969311
613;0,000003773;0,000004223;0,000022073;0,000026473;0,000062473;0,003419373;0,001399373;0,006459373;0,002159373;0,023899373;0,004949373;0,000148373;0,000000643;0;0;0;0;0,000000013;0,000000078;0,004649373;0,003929373;0,002929373
614;0,000004773;0;0,000013923;0,000033623;0,000056723;0,003359523;0,001379523;0,006379523;0,001769523;0,026499523;0,005569523;0,000167523;0,000000208;0;0;0;0;0,000002183;0,000003073;0,004629523;0,003909523;0,002879523
615;0,000003269;0,000002999;0,000041109;0,000019709;0,000051609;0,003309509;0,001349509;0,006289509;0,001469509;0,029299509;0,006239509;0,000191509;0,000000579;0;1,73E-06;1,70E-05;1,14E-05;0,000002719;0,000005929;0,004609509;0,003879509;0,002849509
616;0,000001818;0,000004098;0,000036988;0,000017388;0,000046888;0,003249588;0,001329588;0,006199588;0,001189588;0,032299588;0,006999588;0,000214588;0,000000415;0;1,73E-06;2,44E-05;1,14E-05;0,000001398;0,000004308;0,004589588;0,003849588;0,002799588
617;0,000004979;0,000002719;0,000031899;0,000024699;0,000053799;0,003189599;0,001309599;0,006109599;0,001019599;0,035499599;0,007839599;0,000239599;0,000001219;0;8,34E-05;8,39E-05;7,65E-05;0,000000689;0,000001249;0,004559599;0,003809599;0,002759599
618;0,000001386;0,000004336;0,000029036;0,000026336;0,000048336;0,003139636;0,001289636;0,006019636;0,000866636;0,038999636;0,008759636;0,000265636;0,000000816;0;8,33E-05;7,63E-05;7,64E-05;0,000000126;0,000003506;0,004539636;0,003779636;0,002719636
619;0,000002768;0,000010798;0,000017298;0,000014598;0,000044698;0,003089598;0,001269598;0,005929598;0,000729598;0,042499598;0,009759598;0,000297598;0,000002268;0;5,66E-05;7,13E-05;6,89E-05;0,000001608;0,000007128;0,004509598;0,003749598;0,002679598
620;0,000006103;0,000001773;0,000039173;0,000021173;0,000038773;0,003029673;0,001249673;0,005829673;0,000614673;0,045999673;0,010899673;0,000328673;0,000001633;0;5,65E-05;7,12E-05;6,88E-05;0,000002593;0;0,004479673;0,003709673;0,002639673
621;7,40E-08;0,000004523;0,000015773;0,000014273;0,000035673;0,002969573;0,001229573;0,005739573;0,000541573;0,049199573;0,012099573;0,000369573;0,000001283;0;2,40E-05;3,61E-05;1,20E-05;0,000002083;0,000003843;0,004449573;0,003679573;0,002599573
622;0,000001248;0,000002978;0,000035038;0,000012038;0,000039638;0,002919638;0,001199638;0,005629638;0,000480638;0,051499638;0,013399638;0,000409638;0,000002718;0;7,71E-05;8,27E-05;5,33E-05;0,000001498;0,000000297;0,004409638;0,003639638;0,002559638
623;0;0,000005798;0,000022918;0,000008988;0,000036518;0,002859618;0,001179618;0,005529618;0,000396618;0,052799618;0,014799618;0,000458618;0,000002718;0;5,31E-05;4,99E-05;4,13E-05;0,000001578;0,000002298;0,004379618;0,003599618;0,002519618
624;0,000001479;0,000000689;0,000032909;0,000022309;0,000034709;0,002809609;0,001159609;0,005439609;0,000321609;0,052499609;0,016399609;0,000508609;0,000001859;0;0;3,36E-06;0;0,000001559;0,000002839;0,004339609;0,003559609;0,002479609
625;0,000002834;0,000004074;0,000035924;0,000009624;0,000033724;0,002759624;0,001139624;0,005339624;0,000283624;0,050499624;0,018099624;0,000568624;0,000002704;0;9,62E-05;0,00010043;8,78E-05;0,000003124;0,000003844;0,004299624;0,003519624;0,002429624
626;0,000002884;0,000000834;0,000037694;0,000008234;0,000030694;0,002709594;0,001119594;0,005239594;0,000231594;0,046899594;0,019899594;0,000626594;0,000003024;0;9,61E-05;0,00010029;8,77E-05;0,000002064;0,000002884;0,004259594;0,003479594;0,002389594
627;0,000003739;0,000001549;0,000029799;0,000012999;0,000032499;0,002649599;0,001099599;0,005139599;0,000190599;0,042099599;0,021799599;0,000700599;0,000002229;0;0;0;0;0,000002259;0,000000181;0,004219599;0,003439599;0,002349599
628;0,000013708;0,000004498;0,000016808;0,000033708;0,000023508;0,002599608;0,001079608;0,005039608;0,000175608;0,036699608;0,023499608;0,000782608;0,000003218;0;1,59E-05;1,82E-05;1,35E-05;0,000001338;0,000001608;0,004179608;0,003389608;0,002309608
629;0,000003135;0,000003685;0,000045905;0,000017605;0,000023405;0,002549605;0,001059605;0,004929605;0,000158605;0,031199605;0,024999605;0,000862605;0,000002175;0;6,49E-05;7,72E-05;5,14E-05;0,000001055;0,000000305;0,004139605;0,003349605;0,002259605
630;0,000002497;0;0,000045357;0,000017857;0,000025557;0,002499557;0,001039557;0,004839557;0,000144557;0,026199557;0,025899557;0,000958557;0,000003987;0;4,89E-05;5,90E-05;3,78E-05;0,000000867;0,000004237;0,004089557;0,003299557;0,002219557
631;0,000002404;0,000000225;0,000032714;0,000015514;0,000023814;0,002449614;0,001019614;0,004729614;0,000133614;0,021699614;0,025899614;0,001059614;0,000004534;0;0;0;0;0,000002894;0,000005744;0,004039614;0,003259614;0,002179614
632;0,000002443;0,000002703;0,000033093;0,000010093;0,000029593;0,002399693;0,000999693;0,004639693;0,000099693;0,017899693;0,025099693;0,001169693;0,000003503;0;1,32E-05;4,18E-06;2,97E-06;0,000000626;0,000005343;0,003989693;0,003209693;0,002139693
633;0,000000738;0,000004668;0,000031868;0,000016768;0,000020768;0,002349668;0,000980668;0,004539668;0,000093268;0,014799668;0,023299668;0,001299668;0,000002938;0;1,32E-05;4,17E-06;2,97E-06;0,000000928;0,000001748;0,003949668;0,003169668;0,002099668
634;0,000002075;0,000005055;0,000032285;0,000004065;0,000015485;0,002299685;0,000963685;0,004439685;0,000084285;0,012199685;0,020999685;0,001449685;0,000004895;0;7,77E-05;7,15E-05;6,78E-05;0,000000028;0,000008775;0,003889685;0,003119685;0,002059685
635;0;0,000002418;0,000021988;0,000005648;0,000015388;0,002259688;0,000943688;0,004339688;0,000094888;0,009999688;0,018199688;0,001599688;0,000005238;0;7,76E-05;7,14E-05;6,77E-05;0,00000043;0,000000928;0,003839688;0,003069688;0,002019688
636;0,000000963;0,000004093;0,000039413;0,000015513;0,000017213;0,002209813;0,000923813;0,004239813;0,000050513;0,008299813;0,015499813;0,001769813;0,000004593;0;0;0;0;0,000002373;0;0,003789813;0,003029813;0,001979813
637;0,00001343;0,000000108;0,00001483;0,00000513;0,00002193;0,00216973;0,00090773;0,00414973;0,00006193;0,00689973;0,01289973;0,00193973;0,00000543;0;0;7,43E-06;6,00E-06;0,0000021;0,0000037;0,00374973;0,00297973;0,00193973
638;0,000008888;0,000001648;0,000016008;0,000012608;0,000016808;0,002119708;0,000890708;0,004049708;0,000056008;0,005699708;0,010699708;0,002149708;0,000005978;0;0;7,42E-06;5,99E-06;0,000001148;0,000006148;0,003689708;0,002929708;0,001909708
639;0,000009063;0,000001013;0,000010243;0,000011243;0,000015843;0,002069743;0,000870743;0,003949743;0,000073743;0,004719743;0,008819743;0,002349743;0,000005513;0;0;0;0;0,000001853;0,000000253;0,003629743;0,002879743;0,001869743
640;0,000004164;0,000001684;0,000029544;0,000015444;0,000018044;0,002029744;0,000852744;0,003869744;0,000059744;0,003899744;0,007249744;0,002579744;0,000007544;0;5,18E-05;4,85E-05;3,07E-05;0,000001644;0,000004504;0,003589744;0,002839744;0,001829744
641;0,000000466;0,000002322;0,000025532;0,000014032;0,000022132;0,001989732;0,000834732;0,003779732;0,000045732;0,003219732;0,005929732;0,002809732;0,000009062;0;5,18E-05;4,84E-05;3,06E-05;0,000002252;0,000004902;0,003529732;0,002789732;0,001789732
642;0,000004255;0,000001795;0,000009415;0,000001175;0,000013965;0,001939765;0,000816765;0,003689765;0,000042865;0,002629765;0,004849765;0,003049765;0,000007455;0;5,24E-05;5,44E-05;4,11E-05;0,000002295;0,000001505;0,003479765;0,002739765;0,001749765
643;0,000007385;0,00000045;0,000026775;0,000001405;0,000018175;0,001909775;0,000801775;0,003589775;0,000058475;0,002179775;0,003949775;0,003319775;0,000008205;0;5,23E-05;5,43E-05;4,10E-05;0,000001535;0,000001935;0,003419775;0,002689775;0,001719775
644;0,000002344;0;0,000034304;0,000000076;0,000017104;0,001859804;0,000784804;0,003509804;0,000042504;0,001809804;0,003199804;0,003599804;0,000010604;0;0;0;0;0,000001084;0,000003054;0,003369804;0,002649804;0,001679804
645;0;0,000001475;0,000007255;0,000010255;0,000016655;0,001819755;0,000766755;0,003409755;0,000054555;0,001479755;0,002569755;0,003909755;0,000013655;0;0;0;0;0,000000632;0;0,003309755;0,002599755;0,001639755
646;0,000006948;0,000000088;0,000036488;0,000000928;0,000009368;0,001779788;0,000750788;0,003329788;0,000034788;0,001239788;0,002069788;0,004259788;0,000011088;0;0;0;0;0,000004278;0,000005148;0,003259788;0,002549788;0,001609788
647;0,000002383;0,000003293;0,000019913;0,000006463;0,000009813;0,001739813;0,000733813;0,003239813;0,000043513;0,001039813;0,001659813;0,004639813;0,000014013;0;0;0;0;0,000002773;0,000004933;0,003199813;0,002499813;0,001569813
648;0,000007742;0,000005342;0,000025682;0,000001352;0,000012582;0,001699782;0,000717782;0,003159782;0,000040582;0,000874782;0,001329782;0,005059782;0,000015082;0;0;0;0;0,000001022;0,000001992;0,003139782;0,002449782;0,001529782
649;0,000000682;0,000003649;0,000042729;0,000010329;0,000014129;0,001659729;0,000701729;0,003069729;0,000051729;0,000732729;0,001049729;0,005519729;0,000015929;0;0;0;0;0,000001799;0,000002269;0,003089729;0,002399729;0,001499729
650;0;0,000009687;0,000020757;0,000009017;0,000016557;0,001619757;0,000684757;0,002989757;0,000035457;0,000620757;0,000838757;0,005999757;0,000019957;0;8,43E-05;9,24E-05;6,97E-05;0,000001437;0,000000345;0,003029757;0,002359757;0,001469757
651;0;0,000007605;0,000026525;0,000013825;0,000007245;0,001579725;0,000668725;0,002909725;0,000029325;0,000537725;0,000693725;0,006509725;0,000020925;0;8,41E-05;9,23E-05;6,96E-05;0,000000689;0,000003055;0,002979725;0,002309725;0,001429725
652;0,000001337;0,000001007;0,000038437;0,000005367;0,000013337;0,001549737;0,000655737;0,002829737;0,000017937;0,000445737;0,000561737;0,007069737;0,000026137;0;4,62E-05;5,15E-05;4,66E-05;0,000001957;0,000001577;0,002919737;0,002269737;0,001399737
653;0,000008003;0,000000517;0,000010813;0,000012613;0,000006933;0,001519813;0,000637813;0,002749813;0,000041013;0,000363813;0,000462813;0,007619813;0,000027113;0;4,62E-05;5,15E-05;4,65E-05;0,000001053;0,000004993;0,002869813;0,002219813;0,001369813
654;0,000008518;0;0,000005398;0,000013268;0,000010868;0,001489768;0,000625768;0,002679768;0,000050768;0,000318768;0,000394768;0,008179768;0,000028568;0;5,49E-05;5,59E-05;6,57E-05;0,000000506;0,000001278;0,002819768;0,002179768;0,001339768
655;0,000004582;0,000000679;0,000020052;0,000019252;0,000016052;0,001459752;0,000616752;0,002619752;0,000070852;0,000314752;0,000355752;0,008719752;0,000031252;0;5,48E-05;5,58E-05;6,56E-05;0,000000646;0,000000792;0,002769752;0,002139752;0,001309752
656;0,000000647;0,000001856;0,000027346;0,000020146;0,000017246;0,001449746;0,000610746;0,002569746;0,000161746;0,000377746;0,000359746;0,009209746;0,000038546;0;2,66E-05;3,81E-06;4,94E-06;0,000001676;0;0,002729746;0,002109746;0,001299746
657;0,000001224;0,000001324;0,000027364;0,000020264;0,000018064;0,001409764;0,000598764;0,002509764;0,000156764;0,000342764;0,000309764;0,009769764;0,000040864;0;3,72E-05;1,75E-05;1,51E-05;0,000001924;0,000000814;0,002679764;0,002069764;0,001269764
658;0,00000081;0,000000401;0,00003879;0,00001759;0,00001339;0,00137979;0,00058479;0,00243979;0,00014779;0,00030579;0,00026979;0,01029979;0,00004369;0;5,99E-05;6,79E-05;6,03E-05;0,00000204;0,00000163;0,00262979;0,00202979;0,00123979
659;0,000003289;0;0,000023449;0,000012649;0,000016449;0,001349749;0,000571749;0,002369749;0,000150749;0,000266749;0,000227749;0,010799749;0,000050749;0;8,50E-05;7,86E-05;8,16E-05;0,000001559;0,000000088;0,002579749;0,001989749;0,001209749
660;0;0;0,00000823;0,00001034;0,00001194;0,00131974;0,00055974;0,00230974;0,00015174;0,00026774;0,00021674;0,01109974;0,00005424;0;3,58E-05;2,45E-05;3,16E-05;0,00000292;0,00001104;0,00252974;0,00194974;0,00118974
661;0,000004643;0,000000206;0,000030243;0,000010443;0,000003803;0,001289743;0,000546743;0,002249743;0,000154743;0,000277743;0,000187743;0,011199743;0,000058143;0;0;0;0;0,000000883;0,000000612;0,002479743;0,001899743;0,001159743
662;0,000000627;0,000007276;0,000021686;0,000015786;0,000019286;0,001249786;0,000535786;0,002179786;0,000136786;0,000219786;0,000175786;0,010999786;0,000062286;0;0;0;0;0,000001766;0,000000866;0,002429786;0,001859786;0,001129786
663;0;0,000006958;0,000027558;0,000027458;0,000019358;0,001229758;0,000520758;0,002129758;0,000133758;0,000203758;0,000151758;0,010499758;0,000071758;0;0;0;0;0,000001978;0,000003588;0,002379758;0,001819758;0,001109758
664;0,000000696;0,000003275;0,000026745;0,000017445;0,000019445;0,001199745;0,000509745;0,002069745;0,000109745;0,000201745;0,000141745;0,009729745;0,000077945;0;0;0;0;0,000001725;0,000001885;0,002329745;0,001789745;0,001079745
665;0,000001236;0,000003256;0,000035656;0,000014256;0,000020456;0,001179756;0,000498756;0,001999756;0,000130756;0,000193756;0,000124756;0,008679756;0,000082256;0;1,52E-05;1,63E-05;1,17E-05;0,000002136;0,000005056;0,002279756;0,001739756;0,001059756
666;0,000000846;0,000003636;0,000021086;0,000016986;0,000018886;0,001149786;0,000486786;0,001949786;0,000123786;0,000181786;0,000123786;0,007509786;0,000090486;0;1,52E-05;1,63E-05;1,17E-05;0,000002846;0,000002706;0,002229786;0,001699786;0,001029786
667;0,00000637;0,0000057;0,00001235;0,00002455;0,00002345;0,00111975;0,00047675;0,00188975;0,00012675;0,00016975;0,00011075;0,00631975;0,00010175;0;0;0;0;0,00000247;0,00000749;0,00217975;0,00165975;0,00099675
668;0;0;0,000000324;0,000019307;0,000019807;0,001089807;0,000464807;0,001839807;0,000112807;0,000164807;0,000095507;0,005219807;0,000112807;0;2,20E-05;2,26E-05;1,25E-05;0;0,000002667;0,002139807;0,001629807;0,000971807
669;0,000001171;0;0,000033501;0,000014701;0,000019601;0,001069801;0,000454801;0,001779801;0,000131801;0,000158801;0,000079001;0,004259801;0,000118801;0;2,20E-05;2,58E-05;1,45E-05;0,000001431;0,000001571;0,002089801;0,001589801;0,000951801
670;0,000007041;0,000000689;0,000039141;0,000011541;0,000020441;0,001039741;0,000443741;0,001729741;0,000126741;0,000142741;0,000066241;0,003469741;0,000129741;0;0;3,21E-06;2,01E-06;0,000001331;0,000003331;0,002039741;0,001549741;0,000927741
671;0,000004089;0,000003839;0,000032879;0,000023779;0,000012979;0,001019779;0,000433779;0,001679779;0,000140779;0,000135779;0,000079279;0,002829779;0,000140779;0;0;0;0;0,000000275;0,000006509;0,001999779;0,001519779;0,000906779
672;0,000001653;0,000003843;0,000028373;0,000023873;0,000020973;0,000989773;0,000423773;0,001629773;0,000138773;0,000147773;0,000071473;0,002309773;0,000153773;0;0;0;0;0,000003723;0,000003233;0,001959773;0,001479773;0,000884773
673;0;0,000000684;0,000008335;0,000010135;0,000011735;0,000962735;0,000413735;0,001579735;0,000129735;0,000156735;0,000064235;0,001889735;0,000167735;0;0;0;0;0,000003175;0,000000905;0,001909735;0,001449735;0,000866735
674;0,000006091;0;0,000006601;0,000014551;0,000019351;0,000948751;0,000405751;0,001539751;0,000144751;0,000131751;0,000062651;0,001569751;0,000185751;0;0;0;0;0,000003011;0,000004631;0,001869751;0,001409751;0,000844751
675;0;0,000003803;0,000015973;0,000000132;0,000007963;0,000921673;0,000393673;0,001489673;0,000136673;0,000143673;0,000080573;0,001279673;0,000201673;0;3,98E-05;4,25E-05;4,09E-05;0,000000893;0,000001753;0,001829673;0,001379673;0,000821673
676;0,000005434;0,000003674;0,000044334;0,000009734;0,000009834;0,000899734;0,000384734;0,001439734;0,000106734;0,000143734;0,000066534;0,001069734;0,000217734;0;3,97E-05;4,24E-05;4,09E-05;0,000000944;0,000005914;0,001779734;0,001349734;0,000800734
677;0,000006668;0,000001038;0,000005378;0,000003278;0,000015228;0,000878728;0,000375728;0,001399728;0,000096028;0,000131728;0,000061328;0,000896728;0,000236728;0;5,32E-05;4,64E-05;3,91E-05;0,000003888;0,000001738;0,001739728;0,001309728;0,000778728
678;0,00000533;0,00000116;0,00001746;0,00001936;0,00001296;0,00085776;0,00036576;0,00135976;0,00007066;0,00012476;0,00005526;0,00075276;0,00025976;0;5,31E-05;4,63E-05;3,90E-05;0,00000079;0,00000798;0,00169976;0,00127976;0,00075976
679;0,000006529;0;0,000003989;0,000019509;0,000016209;0,000839809;0,000357809;0,001319809;0,000076709;0,000114809;0,000055309;0,000635809;0,000282809;0;1,33E-05;1,01E-05;0;0,000000227;0,000005849;0,001659809;0,001249809;0,000739809
680;0,00000531;0;0,00002106;0,00000447;0,00001286;0,00081676;0,00034976;0,00127976;0,00009346;0,00010576;0,00005216;0,00053576;0,00030676;0;1,33E-05;1,01E-05;0;0,000000216;0,00000184;0,00162976;0,00121976;0,00072176
681;0,000002934;0;0,000027424;0,000012524;0,000016324;0,000797724;0,000341724;0,001239724;0,000100724;0,000106724;0,000047824;0,000448724;0,000332724;0;0;0;0;0,000001894;0;0,001589724;0,001189724;0,000703724
682;0,00000195;0,00000154;0,0000039;0,00001412;0,00001262;0,00077772;0,00033272;0,00120972;0,00010072;0,00012672;0,00006922;0,00038972;0,00036172;0;0;0;0;0,000000504;0;0,00153972;0,00116972;0,00069172
683;0,000005282;0;0,000020362;0,000015662;0,000014262;0,000756762;0,000325762;0,001169762;0,000084962;0,000114762;0,000068762;0,000323762;0,000392762;0;0;0;0;0;0,000006632;0,001519762;0,001139762;0,000669762
684;0,000000108;0,000002778;0,000003638;0,000019958;0,000012658;0,000742858;0,000317858;0,001139858;0,000117858;0,000099558;0,000073358;0,000277858;0,000424858;0;0;0;0;0,000002328;0,000003788;0,001469858;0,001109858;0,000653858
685;0,000001535;0,000001135;0,000009005;0,000028215;0,000023415;0,000724815;0,000311815;0,001099815;0,000077615;0,000091115;0,000050515;0,000236815;0,000463815;0;2,29E-05;2,89E-05;2,20E-05;0;0,000002615;0,001439815;0,001079815;0,000631815
686;0,000001457;0,000003317;0,000024307;0,000013207;0,000017507;0,000706807;0,000303807;0,001069807;0,000081207;0,000114807;0,000054507;0,000206807;0,000502807;0;2,28E-05;2,89E-05;2,20E-05;0;0,000001097;0,001399807;0,001049807;0,000622807
687;0,000004374;0;0,000010724;0,000013624;0,000011324;0,000686824;0,000297824;0,001039824;0,000081524;0,000111824;0,000048424;0,000179824;0,000546824;0;0;0;1,41E-06;0,000000021;0;0,001369824;0,001029824;0,000603824
688;4,50E-06;6,71E-07;2,15E-05;3,79E-06;1,25E-05;0,000669927;0,000291927;0,000999927;9,35E-05;0,000130927;4,25E-05;0,000155927;0,000594927;0;0;0;1,41E-06;0;0;0,001339927;0,000999927;0,000590927
689;0,000001598;0,000000037;0,000025038;0,000015638;0,000008988;0,000656838;0,000281838;0,000971838;0,000092338;0,000098538;0,000048738;0,000138838;0,000646838;0;0;0;0;0,00000017;0;0,001299838;0,000972838;0,000576838
690;0,000005344;0,000001954;0,000001074;0,000011914;0,000020714;0,000638814;0,000276814;0,000944814;0,000107814;0,000119814;0,000050314;0,000118814;0,000704814;0;0;0;0;0;0;0,001269814;0,000947814;0,000557814
691;0,000000904;0,000002454;0,000034714;0,000018614;0,000007054;0,000629814;0,000266814;0,000905814;0,000114814;0,000089614;0,000046114;0,000110814;0,000764814;0;0;0;0;0,000000769;0,000000112;0,001239814;0,000927814;0,000540814
692;0,000000743;0,000007403;0,000035613;0,000016013;0,000016313;0,000608813;0,000263813;0,000880813;0,000067013;0,000122813;0,000057513;0,000094113;0,000829813;0;5,08E-05;5,36E-05;4,36E-05;0,000002893;0,000004353;0,001209813;0,000900813;0,000532813
693;0,000004039;0;0,000032219;0,000004139;0,000014019;0,000592819;0,000254819;0,000855819;0,000081919;0,000082719;0,000049919;0,000082819;0,000899819;0;5,07E-05;5,36E-05;4,36E-05;0,000001309;0,000001149;0,001179819;0,000875819;0,000517819
694;0;0;0,000021925;0,000011225;0,000012325;0,000575825;0,000248825;0,000834825;0,000075025;0,000102825;0,000044025;0,000081325;0,000973825;0;0;0;0;0;0,000002345;0,001149825;0,000853825;0,000502825
695;0,00000043;0,000002244;0,000035304;0,000006504;0,000007944;0,000564804;0,000245804;0,000808804;0,000061404;0,000086604;0,000058404;0,000076604;0,001049804;0;0;0;0;0,000001134;0,000002974;0,001119804;0,000833804;0,000488804
696;0,000000132;0,000005104;0,000026534;0,000009294;0,000002014;0,000546734;0,000238734;0,000776734;0,000087534;0,000063634;0,000063634;0,000064834;0,001139734;0;0;0;0;0,000000576;0,000000804;0,001089734;0,000809734;0,000476734
697;0;0,000002836;0,000018686;0,000010486;0,000012286;0,000530786;0,000232786;0,000759786;0,000054186;0,000095386;0,000060286;0,000064286;0,001239786;0;4,14E-05;4,94E-05;3,84E-05;0;0,000003986;0,001059786;0,000792786;0,000463786
698;0;0,000003109;0,000030219;0,000025019;0,000001009;0,000525719;0,000227719;0,000731719;0,000077919;0,000095219;0,000059919;0,000055919;0,001339719;0;9,67E-05;0,00010916;9,15E-05;0;0,000000166;0,001039719;0,000770719;0,000453719
699;0;0,00000025;0,000013004;0,000000386;0,000013604;0,000515804;0,000221804;0,000714804;0,000082504;0,000081904;0,000047504;0,000056104;0,001449804;0;0,000173569;0,000173848;0,00016976;0;0;0,001009804;0,000749804;0,000438804
700;0;0,000007476;0,000006726;0,000014636;0,000012136;0,000497736;0,000217736;0,000695736;0,000099736;0,000091836;0,000053136;0,000046336;0,001569736;0;0,000118206;0,000113939;0,000116598;0,000002536;0,000001906;0,000982736;0,000729736;0,000430736
701;0;0,000000405;0,000018098;0,000023198;0,000006528;0,000486698;0,000211698;0,000674698;0,000073598;0,000091998;0,000052498;0,000040898;0,001679698;0;9,37E-05;0,000108648;0,000108882;0,000000082;0,000001878;0,000958698;0,000712698;0,000418698
702;0;0,000001135;0,000010545;0,000016745;0,000009595;0,000474745;0,000204745;0,000646745;0,000077945;0,000082945;0,000040845;0,000037845;0,001809745;0;9,35E-05;0,000108469;0,000108703;0,000000679;0,000003315;0,000936745;0,000693745;0,000408745
703;0;0,000002985;0,000012275;0,000010475;0,000008655;0,000462775;0,000201775;0,000629775;0,000104775;0,000091075;0,000037775;0,000033475;0,001939775;0;0;0;0;0,000000905;0,000002945;0,000910775;0,000675775;0,000396775
704;0;0,000001866;0,000029366;0,000000645;0,000011066;0,000453766;0,000196766;0,000605766;0,000097166;0,000101766;0,000038866;0,000033066;0,002079766;0;0;0;0;0,000001516;0,000004526;0,000887766;0,000656766;0,000384766
705;0,000001722;0,000000733;0,000007462;0;0,000008292;0,000433792;0,000189792;0,000587792;0,000071692;0,000089592;0,000042592;0,000030692;0,002219792;0;6,11E-05;7,08E-05;5,86E-05;0,000000201;0,000001352;0,000864792;0,000641792;0,000373792
706;0,000002245;0;0,000012405;0;0,000011905;0,000428705;0,000185705;0,000574705;0,000058405;0,000102705;0,000068805;0,000029705;0,002359705;0;6,10E-05;7,07E-05;5,85E-05;0,000001285;0,000000715;0,000842705;0,000623705;0,000369705
707;0;0;0;0;0,000005222;0,000420652;0,000184652;0,000555652;0,000043252;0,000086852;0,000053152;0,000032152;0,002509652;0;8,12E-05;8,40E-05;7,58E-05;0,000001012;0,000000802;0,000817652;0,000602652;0,000352652
708;0,000002139;0;0,000012709;0,00000057;0,000009199;0,000413709;0,000177709;0,000540709;0,000064009;0,000115709;0,000056509;0,000028109;0,002669709;0;8,11E-05;8,39E-05;7,57E-05;0,000000262;0,000000739;0,000795709;0,000595709;0,000347709
709;0,00000075;0;0,000007451;0,000005851;0,000013451;0,000398751;0,000171751;0,000523751;0,000105751;0,000080151;0,000057251;0,000031451;0,002819751;0;0;0;0;0,000000911;0;0,000779751;0,000575751;0,000341751
710;0,000000607;0;0,000028601;0,000006151;0,000016801;0,000392701;0,000169701;0,000506701;0,000070501;0,000105701;0,000049601;0,000033801;0,002979701;0;0;0;0;0;0,000002141;0,000756701;0,000559701;0,000329701
711;0,000004796;0;0,000009746;0,000014246;0,000008946;0,000376746;0,000165746;0,000485746;0,000057646;0,000072746;0,000046246;0,000025746;0,003149746;0;2,03E-05;2,65E-05;1,95E-05;0,000000184;0,000004996;0,000734746;0,000546746;0,000318746
712;0,000002714;0,000001344;0;0,000019894;0,000004004;0,000368794;0,000162794;0,000476794;0,000070494;0,000076494;0,000030794;0,000022494;0,003309794;0;4,48E-05;5,11E-05;4,19E-05;0,000000137;0,000003954;0,000716794;0,000533794;0,000313794
713;0,000003566;0,000004076;0,000003356;0,000008036;0,000009446;0,000367716;0,000158716;0,000460716;0,000057516;0,000081716;0,000051716;0,000022316;0,003469716;0;6,90E-05;6,08E-05;5,18E-05;0,000001076;0,000001706;0,000694716;0,000517716;0,000302716
714;0,000000308;0,000000293;0,000004546;0,000013826;0,000007706;0,000349726;0,000152726;0,000451726;0,000044226;0,000056026;0,000041426;0,000025026;0,003649726;0;4,44E-05;3,61E-05;2,93E-05;0;0,000000866;0,000675726;0,000498726;0,000297726
715;0,00000478;0,00000353;0;0,000000138;0,00000339;0,00034577;0,00015177;0,00043177;0,00006717;0,00007207;0,00003337;0,00002097;0,00382977;0;0;1,05E-05;2,47E-06;0;0,00000093;0,00065877;0,00048877;0,00028877
716;0;0,000006197;0;0,000019807;0,000001917;0,000337807;0,000146807;0,000432807;0,000067307;0,000076207;0,000037807;0,000024307;0,004019807;0;4,39E-05;4,84E-05;4,30E-05;0;0,000001767;0,000643807;0,000475807;0,000282807
717;0,000001094;0,000005274;0,000011514;0,000004024;0,000013114;0,000330814;0,000142814;0,000401814;0,000064914;0,000073614;0,000046014;0,000020414;0,004219814;0;4,38E-05;3,78E-05;4,05E-05;0;0,000000743;0,000626814;0,000462814;0,000275814
718;0,000003662;0;0,000033942;0,000014442;0,000006172;0,000322842;0,000137842;0,000395842;0,000061942;0,000075542;0,000043242;0,000026642;0,004429842;0;0;6,40E-06;4,03E-06;0;0,000001932;0,000607842;0,000448842;0,000264842
719;0,000004836;0;0,000009026;0,000014316;0,000000695;0,000303816;0,000133816;0,000381816;0,000070716;0,000073016;0,000042116;0,000020516;0,004649816;0;0;6,39E-06;4,03E-06;0,000001016;0,000001036;0,000587816;0,000436816;0,000256816
720;0,000000726;0,000001508;0,000025738;0,000020938;0,000001068;0,000300838;0,000130838;0,000373838;0,000060538;0,000079938;0,000041638;0,000025138;0,004889838;0;0;0;0;0,000000918;0,000000636;0,000573838;0,000423838;0,000254838
721;0;0,000000362;0,000008436;0,000015506;0,000003176;0,000293806;0,000127806;0,000350806;0,000077506;0,000068506;0,000045206;0,000019706;0,005129806;0;1,63E-05;3,10E-06;0;0;0;0,000559806;0,000413806;0,000248806
722;0,000003369;0;0;0,000027799;0,000007039;0,000287799;0,000127799;0,000348799;0,000066799;0,000073699;0,000053999;0,000019199;0,005379799;0;1,63E-05;3,10E-06;0;0,000000218;0,000006209;0,000542799;0,000405799;0,000239799
723;0,000005086;0,000001196;0,000019886;0,000018586;0;0,000280786;0,000121786;0,000333786;0,000060186;0,000069986;0,000052386;0,000026486;0,005649786;0;2,91E-05;2,90E-05;7,76E-06;0;0,000005706;0,000536786;0,000392786;0,000236786
724;0,000002188;0,000009498;0,000017038;0,000002928;0,000008308;0,000267838;0,000121838;0,000334838;0,000047538;0,000046438;0,000047038;0,000016638;0,005909838;0;2,91E-05;2,90E-05;7,75E-06;0;0;0,000515838;0,000377838;0,000228838
725;0;0,000004716;0,000028166;0,000003956;0;0,000263766;0,000117766;0,000322766;0,000039266;0,000075966;0,000031066;0,000018566;0,006169766;0;0;0;0;0,000000363;0;0,000506766;0,000374766;0,000220766
726;0;0,000006406;0,000020586;0,000003796;0,000001206;0,000259786;0,000114786;0,000315786;0,000068286;0,000058286;0,000041886;0,000019586;0,006439786;0;0;0;0;0,000000411;0;0,000491786;0,000362786;0,000213786
727;0,000004417;0,000001927;0,000028387;0,000005757;0,000003807;0,000253787;0,000113787;0,000307787;0,000051987;0,000086887;0,000040887;0,000020087;0,006679787;0;0;0;0;0,000002117;0;0,000478787;0,000355787;0,000206787
728;0,000003788;0,000003868;0,000014978;0,000004898;0,000002648;0,000248778;0,000110778;0,000297778;0,000060678;0,000072578;0,000051778;0,000017778;0,006899778;0;0;0;0;0,000001798;0;0,000466778;0,000344778;0,000203778
729;0,000001822;0,000001812;0;0,000002322;0,000009192;0,000239792;0,000108792;0,000294792;0,000074692;0,000064692;0,000040692;0,000018592;0,007079792;0;0;0;0;0;0;0,000451792;0,000338792;0,000200792
730;0,000000298;0,000004446;0,000013286;0,000007076;0,000014086;0,000241786;0,000104786;0,000282786;0,000072986;0,000056586;0,000058386;0,000013586;0,007209786;0;1,67E-06;4,62E-06;0;0,000001466;0,000007296;0,000441786;0,000323786;0,000198786
731;0;0,000004195;0,000000935;0,000031105;0,000004765;0,000227805;0,000101805;0,000275805;0,000040905;0,000086405;0,000046205;0,000012705;0,007259805;0;1,67E-06;4,61E-06;0;0;0,000000433;0,000427805;0,000314805;0,000191805
732;0;0,000001362;0,000000496;0,000016922;0,000018822;0,000231822;0,000099522;0,000274822;0,000010522;0,000068722;0,000036522;0,000020622;0,007229822;0;6,87E-06;7,39E-06;0;0,00000081;0,000002342;0,000416822;0,000307822;0,000184822
733;0,000000736;0,000002192;0,000010132;0,000000445;0,000012432;0,000219832;0,000098532;0,000264832;0,000082132;0,000089032;0,000050232;0,000019632;0,007089832;0;6,86E-06;7,38E-06;0;0,000000044;0;0,000403832;0,000300832;0,000183832
734;0,000008552;0,000002312;0,000015452;0,000006082;0,000014552;0,000219752;0,000094452;0,000258752;0,000058052;0,000072952;0,000048952;0,000021252;0,006839752;0;0,000153619;0,000167628;0,000156429;0,000000832;0,000001642;0,000394752;0,000295752;0,000178752
735;0,000013232;0,000004492;0,000018632;0,000010932;0,000011732;0,000214732;0,000092732;0,000252732;0,000071132;0,000050332;0,000040732;0,000020432;0,006499732;0;0,000190963;0,000207458;0,000186021;0,000000832;0,000005322;0,000384732;0,000289732;0,000171732
736;0,000004696;0,000000395;0;0,000003866;0;0,000214736;0,000092736;0,000238736;0,000052636;0,000051836;0,000051236;0,000017136;0,006069736;0;4,44E-05;5,71E-05;3,58E-05;0,000000213;0,000002976;0,000376736;0,000283736;0,000165736
737;0,000000223;0;0,000032503;0,000001913;0;0,000202703;0,000089603;0,000231703;0,000068703;0,000068503;0,000050003;0,000010403;0,005579703;0;6,92E-06;1,71E-05;6,04E-06;0,000001613;0,00000017;0,000367703;0,000275703;0,000171703
738;0,000008822;0,000002302;0,000009992;0,00000048;0,000003512;0,000198792;0,000087292;0,000224792;0,000035892;0,000093192;0,000054692;0,000018192;0,005039792;0;0;0;0;0,000002662;0;0,000355792;0,000264792;0,000167792
739;0,000002159;0;0,000039779;0,000027479;0,000010979;0,000197679;0,000085079;0,000223679;0,000047579;0,000036679;0,000054379;0,000021379;0,004469679;0;0;0;0;0,000001529;0;0,000343679;0,000262679;0,000161679
740;0,000003355;0;0,000014215;0,000012815;0,000005425;0,000194815;0,000086615;0,000205815;0,000025915;0,000068715;0,000055115;0,000021915;0,003909815;0;7,23E-05;7,44E-05;7,59E-05;0,000000965;0;0,000338815;0,000251815;0,000150815
741;0,000005719;0,000000145;0,000048539;0,000001119;0,000015939;0,000187839;0,000081739;0,000211839;0,000043239;0,000053839;0,000053939;0,000022239;0,003389839;0;9,16E-05;0,0001058;0,000110825;0,000000551;0;0,000331839;0,000244839;0,000148839
742;0,000000992;0,000000962;0,000046702;0,000005742;0,000004532;0,000181802;0,000079302;0,000207802;0,000057002;0,000065302;0,000044202;0,000022102;0,002909802;0;1,93E-05;3,15E-05;3,50E-05;0,000002372;0,000001762;0,000322802;0,000237802;0,000146802
743;0;0;0,000006354;0,000011194;0,000013794;0,000179694;0,000078094;0,000210694;0,000051294;0,000054594;0,000043894;0,000019894;0,002479694;0;0;0;0;0,000002824;0,000008104;0,000312694;0,000233694;0,000139694
744;0;0;0,000010248;0,000015548;0,000008348;0,000173748;0,000075748;0,000202748;0,000044848;0,000044048;0,000055548;0,000016748;0,002099748;0;0;4,11E-06;0;0;0,000004738;0,000306748;0,000223748;0,000135748
745;0;0;0,000004287;0,000023267;0,000005007;0,000171767;0,000073867;0,000192767;0,000054867;0,000047867;0,000076967;0,000023167;0,001779767;0;6,12E-06;1,21E-05;5,79E-06;0;0,000000867;0,000296767;0,000219767;0,000129767
746;0;0;0,000021488;0,000015088;0,000000848;0,000167688;0,000072388;0,000197688;0,000069488;0,000097688;0,000065788;0,000018288;0,001509688;0;6,11E-06;1,55E-05;5,79E-06;0;0,000000049;0,000287688;0,000220688;0,000132688
747;0;0;0,000002902;0,000041562;0,000006862;0,000164662;0,000077562;0,000193662;0,000058062;0,000113662;0,000046862;0,000017562;0,001269662;0;0,000105934;0,000106013;9,58E-05;0;0;0,000279662;0,000215662;0,000127662
748;0,000001525;0;0,000021035;0,000015435;0;0,000165635;0,000071335;0,000177635;0,000050135;0,000057835;0,000070535;0,000018035;0,001089635;0;0,000105771;9,84E-05;9,57E-05;0,000000301;0,000001335;0,000276635;0,000209635;0,000135635
749;0;0,000001356;0,000000457;0,000000092;0,000002086;0,000165666;0,000071566;0,000174666;0,000094166;0,000056766;0,000063466;0,000029566;0,000922666;0;0;0;0;0,000000886;0,000003336;0,000270666;0,000199666;0,000128666
750;0,000001172;0,000000982;0,000008822;0,000009222;0,000021052;0,000153652;0,000068852;0,000170652;0,000071852;0,000061552;0,000064552;0,000011152;0,000785652;0;0;0;0;0;0,000003742;0,000261652;0,000199652;0,000123652
751;0;0,000003507;0,000009577;0,000018377;0,000014977;0,000147677;0,000066277;0,000168677;0,000030577;0,000097277;0,000053477;0,000015477;0,000669677;0;0;0;0;0,000000907;0,000000302;0,000256677;0,000189677;0,000122677
752;0;0;0,00000321;0;0,00000606;0,00014668;0,00006518;0,00016468;0,00005428;0,00007138;0,00005158;0,00001488;0,00057468;0;0;0;0;0,00000163;0,00000319;0,00024968;0,00018768;0,00011168
753;0,000008012;0;0,000016522;0;0,000001432;0,000152722;0,000063822;0,000161722;0,000069222;0,000062522;0,000048522;0,000015322;0,000490722;0;0;0;0;0,000001812;0,000002122;0,000244722;0,000184722;0,000114722
754;0,00000435;0;0,00000722;0,00000268;0,00001323;0,00014673;0,00006423;0,00015373;0,00007663;0,00004513;0,00005623;0,00002273;0,00042173;0;8,15E-05;8,07E-05;6,49E-05;0,00000397;0,00000234;0,00023973;0,00017673;0,00010873
755;0;0,000001398;0,000012718;0,000004088;0,000025818;0,000138718;0,000064518;0,000156718;0,000079318;0,000081018;0,000040118;0,000023018;0,000364718;0;8,13E-05;8,06E-05;6,48E-05;0,000000614;0,000000479;0,000237718;0,000172718;0,000110718
756;0,000009814;0;0,000001214;0,00000019;0,000002214;0,000133814;0,000061114;0,000151814;0,000090014;0,000098214;0,000090414;0,000007004;0,000320814;0;2,05E-05;2,88E-05;1,85E-05;0;0,000019614;0,000222814;0,000173814;0,000110814
757;0,000001877;0;0,000016907;0;0;0,000136707;0,000058807;0,000149707;0,000107707;0,000074907;0,000034707;0,000017207;0,000271707;0;5,19E-05;6,51E-05;4,53E-05;0,000000473;0;0,000233707;0,000170707;0,000113707
758;0;0,000005941;0,000029121;0,000008201;0;0,000132621;0,000054321;0,000141621;0,000046021;0,000056021;0,000072121;0,000013321;0,000238621;0;3,14E-05;3,64E-05;2,67E-05;0,000000173;0;0,000220621;0,000168621;0,000097721
759;0,000003915;0,000003065;0,000004255;0,000003215;0,000000597;0,000137735;0,000057935;0,000145735;0,000062735;0,000054935;0,000059235;0,000003915;0,000201735;0;0;0;0;0,000003385;0;0,000214735;0,000158735;0,000105735
760;0,000009968;0;0,000017668;0,000014768;0,000001938;0,000136868;0,000055368;0,000139868;0,000047768;0,000104868;0,000066668;0,000015568;0,000173868;0;0;0;0;0,000002038;0;0,000213868;0,000155868;0,000101868
761;0,000003421;0;0,000008901;0,000019331;0,000003281;0,000125831;0,000052431;0,000134831;0,000085831;0,000085831;0,000083931;0,000012431;0,000153831;0;0;0;0;0,000000677;0;0,000202831;0,000156831;0,000104831
762;0,000002938;0;0,000031738;0,000011238;0,000002818;0,000128838;0,000054738;0,000129838;0,000071838;0,000088138;0,000045338;0,000009268;0,000131838;0;0;0;0;0;0,000003628;0,000195838;0,000154838;0,000100838
763;0;0;0,000017425;0,000006165;0;0,000111825;0,000053425;0,000127825;0,000056725;0,000099825;0,000053625;0,000007025;0,000120825;0;0;0;0;0;0,000011125;0,000194825;0,000155825;0,000103825
764;0;0;0,000033121;0,000035721;0,000018921;0,000114821;0,000052821;0,000151821;0,000091821;0,000080121;0,000091421;0,000004541;0,000109821;0;2,04E-05;1,95E-05;2,87E-05;0;0,000001591;0,000190821;0,000144821;0,000097121
765;0;0;0,000081918;0,000010018;0;0,000131818;0,000051618;0,000137818;0,000060918;0,000136818;0,000072718;0,000004488;0,000093718;0;2,11E-05;2,21E-05;2,86E-05;0,000005098;0;0,000189818;0,000148818;0,000095118
766;0;0;0,000003579;0,000009219;0;0,000116799;0,000054199;0,000135799;0,000104799;0,000031899;0,000068799;0,000006709;0,000086399;0;6,92E-07;2,70E-06;0;0,000002059;0,000001599;0,000189799;0,000140799;0,000084499
767;0;0,000000444;0,000014765;0,000025665;0,000006805;0,000111765;0,000052765;0,000128765;0,000125765;0,000145765;0,000077065;0,000012265;0,000077765;0;2,42E-06;0;0;0,000000503;0,000006895;0,000182765;0,000140765;0,000089565
768;0,000002578;0,000001488;0;0,000014348;0,000017848;0,000124748;0,000053248;0,000122748;0,000113748;0,000093348;0,000046248;0,000030048;0,000074548;0;2,42E-06;0;0;0,000002968;0,000002288;0,000176748;0,000136748;0,000089448
769;0,000004075;0,000005935;0;0,000007535;0,000003355;0,000118615;0,000049515;0,000126615;0,000120615;0,000131615;0,000064815;0,000021215;0,000066415;0;0;0;0;0,000001715;0,000003625;0,000171615;0,000132615;0,000092315
770;0;0,000005293;0,000018763;0,000037563;0,000003003;0,000109663;0,000050363;0,000126663;0,000134663;0,000096663;0,000060563;0,000011563;0,000056763;0;0;0;0;0;0;0,000170663;0,000125663;0,000090863
771;0,000003969;0;0,000009089;0,000014809;0;0,000112809;0,000047009;0,000115809;0,000141809;0,000115809;0,000051509;0,000013209;0,000055009;0;0;0;0;0,000003469;0;0,000169809;0,000136809;0,000087309
772;0,000000714;0,000014256;0;0,000019956;0;0,000105756;0,000046956;0,000134756;0,000135756;0,000199756;0,000045156;0,000027856;0,000051756;0;1,29E-05;1,72E-05;1,24E-05;0,000008466;0;0,000175756;0,000137756;0,000084156
773;0,000017155;0,000000476;0;0,000024355;0,000008105;0,000101755;0,000042055;0,000133755;0,000114755;0,000172755;0,000052455;0,000006115;0,000048355;0;1,29E-05;1,72E-05;1,24E-05;0,000000146;0,000010155;0,000164755;0,000127755;0,000091955
774;0,000005479;0;0,000011409;0;0,000005669;0,000115809;0,000043809;0,000109809;0,000041209;0,000035209;0,000075809;0,000011909;0,000038909;0;0;0;0;0,000002809;0;0,000157809;0,000116809;0,000084409
775;0;0;0,000013996;0;0,000018796;0,000097696;0,000045096;0,000105696;0,000099696;0,000175696;0,000093696;0,000027196;0,000046196;0;0;0;0;0;0;0,000152696;0,000123696;0,000079496
776;0,000008511;0;0,000016181;0;0,000002671;0,000097681;0,000040781;0,000112481;0,000042781;0,000143481;0,000088581;0,000023281;0,000034781;0;0;0;0;0;0;0,000150481;0,000117481;0,000078981
777;0,000016626;0;0;0,000005186;0;0,000101526;0,000044426;0,000119526;0,000097026;0,000097026;0,000109526;0,000016326;0,000027526;0;0;0;0;0;0,000003276;0,000156526;0,000122526;0,000078426
778;0;0;0,00005373;0,00000602;0;0,00010463;0,00004583;0,00012163;0,00012063;0,00007333;0,00013263;0,00003113;0,00003103;0;0;4,40E-06;0;0;0,00001033;0,00015363;0,00012163;0,00007773
779;0;0;0,000086776;0;0,000006036;0,000092376;0,000048376;0,000124676;0,000096076;0,000080276;0,000089576;0,000014776;0,000028976;0;0;4,39E-06;0;0;0,000006076;0,000144676;0,000111676;0,000069776
780;0;0,000015342;0,000029442;0,000005222;0,000002332;0,000085542;0,000048742;0,000103842;0,000039442;0,000165842;0,000113842;0,000022942;0,000026542;0;4,28E-05;4,18E-05;3,03E-05;0;0,000007742;0,000144842;0,000117842;0,000073042
