Wavelength;TCS01;TCS02;TCS03;TCS04;TCS05;TCS06;TCS07;TCS08
380;0.219000;0.070000;0.065000;0.074000;0.295000;0.151000;0.378000;0.104000
385;0.239000;0.079000;0.068000;0.083000;0.306000;0.203000;0.459000;0.129000
390;0.252000;0.089000;0.070000;0.093000;0.310000;0.265000;0.524000;0.170000
395;0.256000;0.101000;0.072000;0.105000;0.312000;0.339000;0.546000;0.240000
400;0.256000;0.111000;0.073000;0.116000;0.313000;0.410000;0.551000;0.319000
405;0.254000;0.116000;0.073000;0.121000;0.315000;0.464000;0.555000;0.416000
410;0.252000;0.118000;0.074000;0.124000;0.319000;0.492000;0.559000;0.462000
415;0.248000;0.120000;0.074000;0.126000;0.322000;0.508000;0.560000;0.482000
420;0.244000;0.121000;0.074000;0.128000;0.326000;0.517000;0.561000;0.490000
425;0.240000;0.122000;0.073000;0.131000;0.330000;0.524000;0.558000;0.488000
430;0.237000;0.122000;0.073000;0.135000;0.334000;0.531000;0.556000;0.482000
435;0.232000;0.122000;0.073000;0.139000;0.339000;0.538000;0.551000;0.473000
440;0.230000;0.123000;0.073000;0.144000;0.346000;0.544000;0.544000;0.462000
445;0.226000;0.124000;0.073000;0.151000;0.352000;0.551000;0.535000;0.450000
450;0.225000;0.127000;0.074000;0.161000;0.360000;0.556000;0.522000;0.439000
455;0.222000;0.128000;0.075000;0.172000;0.369000;0.556000;0.506000;0.426000
460;0.220000;0.131000;0.077000;0.186000;0.381000;0.554000;0.488000;0.413000
465;0.218000;0.134000;0.080000;0.205000;0.394000;0.549000;0.469000;0.397000
470;0.216000;0.138000;0.085000;0.229000;0.403000;0.541000;0.448000;0.382000
475;0.214000;0.143000;0.094000;0.254000;0.410000;0.531000;0.429000;0.366000
480;0.214000;0.150000;0.109000;0.281000;0.415000;0.519000;0.408000;0.352000
485;0.214000;0.159000;0.126000;0.308000;0.418000;0.504000;0.385000;0.337000
490;0.216000;0.174000;0.148000;0.332000;0.419000;0.488000;0.363000;0.325000
495;0.218000;0.190000;0.172000;0.352000;0.417000;0.469000;0.341000;0.310000
500;0.223000;0.207000;0.198000;0.370000;0.413000;0.450000;0.324000;0.299000
505;0.225000;0.225000;0.221000;0.383000;0.409000;0.431000;0.311000;0.289000
510;0.226000;0.242000;0.241000;0.390000;0.403000;0.414000;0.301000;0.283000
515;0.226000;0.253000;0.260000;0.394000;0.396000;0.395000;0.291000;0.276000
520;0.225000;0.260000;0.278000;0.395000;0.389000;0.377000;0.283000;0.270000
525;0.225000;0.264000;0.302000;0.392000;0.381000;0.358000;0.273000;0.262000
530;0.227000;0.267000;0.339000;0.385000;0.372000;0.341000;0.265000;0.256000
535;0.230000;0.269000;0.370000;0.377000;0.363000;0.325000;0.260000;0.251000
540;0.236000;0.272000;0.392000;0.367000;0.353000;0.309000;0.257000;0.250000
545;0.245000;0.276000;0.399000;0.354000;0.342000;0.293000;0.257000;0.251000
550;0.253000;0.282000;0.400000;0.341000;0.331000;0.279000;0.259000;0.254000
555;0.262000;0.289000;0.393000;0.327000;0.320000;0.265000;0.260000;0.258000
560;0.272000;0.299000;0.380000;0.312000;0.308000;0.253000;0.260000;0.264000
565;0.283000;0.309000;0.365000;0.296000;0.296000;0.241000;0.258000;0.269000
570;0.298000;0.322000;0.349000;0.280000;0.284000;0.234000;0.256000;0.272000
575;0.318000;0.329000;0.332000;0.263000;0.271000;0.227000;0.254000;0.274000
580;0.341000;0.335000;0.315000;0.247000;0.260000;0.225000;0.254000;0.278000
585;0.367000;0.339000;0.299000;0.229000;0.247000;0.222000;0.259000;0.284000
590;0.390000;0.341000;0.285000;0.214000;0.232000;0.221000;0.270000;0.295000
595;0.409000;0.341000;0.272000;0.198000;0.220000;0.220000;0.284000;0.316000
600;0.424000;0.342000;0.264000;0.185000;0.210000;0.220000;0.302000;0.348000
605;0.435000;0.342000;0.257000;0.175000;0.200000;0.220000;0.324000;0.384000
610;0.442000;0.342000;0.252000;0.169000;0.194000;0.220000;0.344000;0.434000
615;0.448000;0.341000;0.247000;0.164000;0.189000;0.220000;0.362000;0.482000
620;0.450000;0.341000;0.241000;0.160000;0.185000;0.223000;0.377000;0.528000
625;0.451000;0.339000;0.235000;0.156000;0.183000;0.227000;0.389000;0.568000
630;0.451000;0.339000;0.229000;0.154000;0.180000;0.233000;0.400000;0.604000
635;0.451000;0.338000;0.224000;0.152000;0.177000;0.239000;0.410000;0.629000
640;0.451000;0.338000;0.220000;0.151000;0.176000;0.244000;0.420000;0.648000
645;0.451000;0.337000;0.217000;0.149000;0.175000;0.251000;0.429000;0.663000
650;0.450000;0.336000;0.216000;0.148000;0.175000;0.258000;0.438000;0.676000
655;0.450000;0.335000;0.216000;0.148000;0.175000;0.263000;0.445000;0.685000
660;0.451000;0.334000;0.219000;0.148000;0.175000;0.268000;0.452000;0.693000
665;0.451000;0.332000;0.224000;0.149000;0.177000;0.273000;0.457000;0.700000
670;0.453000;0.332000;0.230000;0.151000;0.180000;0.278000;0.462000;0.705000
675;0.454000;0.331000;0.238000;0.154000;0.183000;0.281000;0.466000;0.709000
680;0.455000;0.331000;0.251000;0.158000;0.186000;0.283000;0.468000;0.712000
685;0.457000;0.330000;0.269000;0.162000;0.189000;0.286000;0.470000;0.715000
690;0.458000;0.329000;0.288000;0.165000;0.192000;0.291000;0.473000;0.717000
695;0.460000;0.328000;0.312000;0.168000;0.195000;0.296000;0.477000;0.719000
700;0.462000;0.328000;0.340000;0.170000;0.199000;0.302000;0.483000;0.721000
705;0.463000;0.327000;0.366000;0.171000;0.200000;0.313000;0.489000;0.720000
710;0.464000;0.326000;0.390000;0.170000;0.199000;0.325000;0.496000;0.719000
715;0.465000;0.325000;0.412000;0.168000;0.198000;0.338000;0.503000;0.722000
720;0.466000;0.324000;0.431000;0.166000;0.196000;0.351000;0.511000;0.725000
725;0.466000;0.324000;0.447000;0.164000;0.195000;0.364000;0.518000;0.727000
730;0.466000;0.324000;0.460000;0.164000;0.195000;0.376000;0.525000;0.729000
735;0.466000;0.323000;0.472000;0.165000;0.196000;0.389000;0.532000;0.730000
740;0.467000;0.322000;0.481000;0.168000;0.197000;0.401000;0.539000;0.730000
745;0.467000;0.321000;0.488000;0.172000;0.200000;0.413000;0.546000;0.730000
750;0.467000;0.320000;0.493000;0.177000;0.203000;0.425000;0.553000;0.730000
755;0.467000;0.318000;0.497000;0.181000;0.205000;0.436000;0.559000;0.730000
760;0.467000;0.316000;0.500000;0.185000;0.208000;0.447000;0.565000;0.730000
765;0.467000;0.315000;0.502000;0.189000;0.212000;0.458000;0.570000;0.730000
770;0.467000;0.315000;0.505000;0.192000;0.215000;0.469000;0.575000;0.730000
775;0.467000;0.314000;0.510000;0.194000;0.217000;0.477000;0.578000;0.730000
780;0.467000;0.314000;0.516000;0.197000;0.219000;0.485000;0.581000;0.730000
