300 0,182
305 0,194
310 0,205   0,001
315 0,214   0,001
320 0,220   0,006
325 0,226   0,023
330 0,230   0,050   0,001
335 0,232   0,075   0,001
340 0,232   0,102   0,002
345 0,230   0,137   0,025
350 0,224   0,174   0,055
355 0,216   0,204   0,082
360 0,204   0,218   0,111
365 0,177   0,227   0,152
370 0,145   0,229   0,191
375 0,117   0,228   0,218
380 0,088   0,220   0,235
385 0,056   0,196   0,244
390 0,028   0,164   0,245
395 0,016   0,134   0,245
400 0,011 0,638 0,008 0,104 0,490 0,008 0,237 0,194 0,008
405 0,009 0,661 0,011 0,068 0,570 0,011 0,213 0,270 0,011
410 0,006 0,683 0,022 0,038 0,640 0,022 0,182 0,357 0,022
415 0,002 0,704 0,036 0,023 0,678 0,036 0,153 0,437 0,036
420  0,722 0,051 0,016 0,701 0,051 0,120 0,517 0,051
425  0,734 0,070 0,011 0,718 0,070 0,082 0,603 0,070
430  0,742 0,085 0,007 0,730 0,085 0,046 0,676 0,085
435  0,750 0,092 0,004 0,744 0,092 0,028 0,712 0,092
440  0,756 0,090 0,001 0,755 0,090 0,019 0,731 0,090
445  0,761 0,081  0,762 0,081 0,013 0,744 0,081
450  0,766 0,071  0,766 0,071 0,009 0,753 0,071
455  0,770 0,064  0,770 0,064 0,005 0,764 0,064
460  0,774 0,056  0,774 0,056 0,001 0,773 0,056
465  0,778 0,048  0,778 0,048  0,778 0,048
470  0,782 0,039  0,782 0,039  0,782 0,039
475  0,788 0,033  0,788 0,033  0,788 0,033
480  0,794 0,028  0,794 0,028  0,794 0,028
485  0,799 0,022  0,799 0,022  0,799 0,022
490  0,804 0,018  0,804 0,018  0,804 0,018
495  0,808 0,014  0,808 0,014  0,808 0,014
500  0,812 0,011  0,812 0,011  0,812 0,011
505  0,817 0,009  0,817 0,009  0,817 0,009
510  0,822 0,008  0,822 0,008  0,822 0,008
515  0,827 0,006  0,827 0,006  0,827 0,006
520  0,830 0,005  0,830 0,005  0,830 0,005
525  0,831 0,004  0,831 0,004  0,831 0,004
530  0,831 0,004  0,831 0,004  0,831 0,004
535  0,831 0,003  0,831 0,003  0,831 0,003
540  0,832 0,003  0,832 0,003  0,832 0,003
545  0,832 0,003  0,832 0,003  0,832 0,003
550  0,833 0,001  0,833 0,001  0,833 0,001
555  0,833 0,001  0,833 0,001  0,833 0,001
560  0,834 0,001  0,834 0,001  0,834 0,001
565  0,834 0,001  0,834 0,001  0,834 0,001
570  0,835 0,001  0,835 0,001  0,835 0,001
575  0,835   0,835   0,835
580  0,836   0,836   0,836
585  0,837   0,837   0,837
590  0,837   0,837   0,837
595  0,837   0,837   0,837
600  0,838   0,838   0,838
605  0,839   0,839   0,839
610  0,840   0,840   0,840
615  0,842   0,842   0,842
620  0,844   0,844   0,844
625  0,846   0,846   0,846
630  0,848   0,848   0,848
635  0,850   0,850   0,850
640  0,852   0,852   0,852
645  0,854   0,854   0,854
650  0,856   0,856   0,856
655  0,857   0,857   0,857
660  0,857   0,857   0,857
665  0,857   0,857   0,857
670  0,858   0,858   0,858
675  0,859   0,859   0,859
680  0,860   0,860   0,860
685  0,861   0,861   0,861
690  0,862   0,862   0,862
695  0,863   0,863   0,863
700  0,864   0,864   0,864