400 0,648 0,502 0,211 555 0,834 0,835 0,835
405 0,676 0,589 0,296 560 0,835 0,836 0,836
410 0,709 0,672 0,402 565 0,835 0,836 0,836
415 0,748 0,731 0,511 570 0,836 0,837 0,837
420 0,785 0,778 0,625 575 0,835 0,835 0,835
425 0,824 0,828 0,755 580 0,836 0,836 0,836
430 0,855 0,868 0,868 585 0,837 0,837 0,837
435 0,860 0,878 0,898 590 0,837 0,837 0,837
440 0,855 0,876 0,899 595 0,837 0,837 0,837
445 0,846 0,866 0,888 600 0,838 0,838 0,838
450 0,836 0,852 0,872 605 0,839 0,839 0,839
455 0,832 0,846 0,869 610 0,840 0,840 0,840
460 0,829 0,841 0,866 615 0,842 0,842 0,842
465 0,825 0,836 0,859 620 0,844 0,844 0,844
470 0,822 0,831 0,850 625 0,846 0,846 0,846
475 0,821 0,828 0,843 630 0,848 0,848 0,848
480 0,822 0,828 0,841 635 0,850 0,850 0,850
485 0,822 0,827 0,838 640 0,852 0,852 0,852
490 0,823 0,827 0,836 645 0,854 0,854 0,854
495 0,823 0,826 0,833 650 0,856 0,856 0,856
500 0,824 0,827 0,833 655 0,857 0,857 0,857
505 0,827 0,829 0,834 660 0,857 0,857 0,857
510 0,831 0,833 0,837 665 0,857 0,857 0,857
515 0,833 0,835 0,838 670 0,858 0,858 0,858
520 0,835 0,836 0,839 675 0,859 0,859 0,859
525 0,835 0,836 0,837 680 0,860 0,860 0,860
530 0,835 0,836 0,837 685 0,861 0,861 0,861
535 0,834 0,834 0,835 690 0,862 0,862 0,862
540 0,835 0,835 0,836 695 0,863 0,863 0,863
545 0,835 0,835 0,836 700 0,864 0,864 0,864
550 0,834 0,835 0,835