380 0,036 0,051 0,043 0,389 0,075 585 0,309 0,049 0,098 0,231 0,131
385 0,035 0,052 0,042 0,389 0,094 590 0,347 0,054 0,100 0,229 0,149
390 0,034 0,054 0,040 0,389 0,111 595 0,389 0,062 0,102 0,229 0,172
395 0,034 0,056 0,037 0,389 0,128 600 0,434 0,069 0,104 0,230 0,198
400 0,033 0,055 0,031 0,391 0,150 605 0,480 0,074 0,105 0,232 0,226
405 0,030 0,057 0,028 0,393 0,169 610 0,523 0,081 0,104 0,234 0,256
410 0,028 0,063 0,028 0,394 0,176 615 0,560 0,083 0,105 0,232 0,285
415 0,026 0,073 0,027 0,395 0,180 620 0,593 0,085 0,105 0,228 0,313
420 0,026 0,080 0,027 0,396 0,182 625 0,619 0,085 0,104 0,224 0,339
425 0,026 0,088 0,026 0,395 0,183 630 0,641 0,085 0,104 0,220 0,363
430 0,026 0,089 0,026 0,392 0,183 635 0,657 0,085 0,105 0,218 0,384
435 0,026 0,088 0,026 0,387 0,182 640 0,669 0,085 0,106 0,221 0,402
440 0,026 0,083 0,027 0,379 0,179 645 0,681 0,085 0,108 0,227 0,419
445 0,027 0,081 0,028 0,373 0,175 650 0,691 0,085 0,111 0,238 0,435
450 0,029 0,076 0,028 0,367 0,171 655 0,703 0,084 0,116 0,254 0,451
455 0,030 0,071 0,029 0,361 0,167 660 0,712 0,084 0,124 0,278 0,464
460 0,033 0,066 0,031 0,355 0,162 665 0,727 0,085 0,135 0,309 0,485
465 0,037 0,059 0,034 0,348 0,157 670 0,742 0,084 0,147 0,347 0,504
470 0,044 0,052 0,039 0,340 0,153 675 0,756 0,084 0,162 0,391 0,524
475 0,054 0,048 0,047 0,333 0,149 680 0,769 0,084 0,179 0,446 0,545
480 0,068 0,045 0,057 0,326 0,146 685 0,781 0,084 0,198 0,496 0,566
485 0,085 0,043 0,067 0,319 0,143 690 0,792 0,084 0,218 0,547 0,585
490 0,104 0,040 0,077 0,312 0,141 695 0,802 0,084 0,240 0,601 0,601
495 0,121 0,037 0,086 0,305 0,139 700 0,811 0,084 0,263 0,647 0,615
500 0,136 0,034 0,092 0,300 0,138 705 0,818 0,083 0,270 0,693 0,631
505 0,146 0,035 0,095 0,292 0,137 710 0,825 0,082 0,270 0,733 0,647
510 0,153 0,033 0,095 0,286 0,136 715 0,831 0,082 0,271 0,773 0,662
515 0,156 0,033 0,093 0,281 0,134 720 0,836 0,082 0,271 0,807 0,676
520 0,157 0,034 0,090 0,276 0,131 725 0,840 0,082 0,271 0,837 0,686
525 0,159 0,034 0,088 0,270 0,127 730 0,844 0,081 0,272 0,880 0,701
530 0,161 0,034 0,087 0,265 0,124 735 0,846 0,081 0,272 0,888 0,710
535 0,164 0,034 0,086 0,260 0,123 740 0,847 0,081 0,273 0,893 0,720
540 0,167 0,034 0,085 0,257 0,123 745 0,847 0,081 0,273 0,893 0,729
545 0,172 0,033 0,083 0,253 0,122 750 0,847 0,081 0,273 0,894 0,738
550 0,177 0,033 0,083 0,251 0,122 755 0,847 0,081 0,273 0,894 0,744
555 0,184 0,031 0,083 0,249 0,120 760 0,847 0,081 0,273 0,894 0,747
560 0,193 0,031 0,084 0,248 0,117 765 0,847 0,081 0,273 0,894 0,751
565 0,206 0,033 0,088 0,246 0,113 770 0,847 0,081 0,273 0,894 0,754
570 0,223 0,036 0,091 0,243 0,111 775 0,847 0,081 0,273 0,894 0,756
575 0,246 0,041 0,094 0,238 0,113 780 0,847 0,081 0,273 0,894 0,757
580 0,275 0,045 0,096 0,234 0,119