Date: 2024.11.19.;Comments: e.g. instrument data
Wavelength [nm];UV 365 SPD [W/m^2/nm]
300;0
301;0
302;0
303;0
304;0
305;0
306;0
307;0
308;0
309;0
310;0
311;0
312;0
313;0
314;0
315;0
316;0
317;0
318;0
319;0
320;0
321;0
322;0
323;0
324;0
325;0
326;0
327;0
328;0
329;0
330;0
331;0
332;0
333;0
334;0
335;0
336;0
337;0
338;0
339;0
340;0
341;0
342;0
343;0
344;0
345;0
346;0
347;0
348;0
349;0
350;0
351;0.000195217
352;0.000122428
353;0.000297796
354;0.000535408
355;0.000649676
356;0.000959259
357;0.001477256
358;0.001959024
359;0.002579273
360;0.00382836
361;0.005114716
362;0.00677883
363;0.009517918
364;0.011900299
365;0.01421657
366;0.016320355
367;0.01659384
368;0.015647114
369;0.013956585
370;0.011544741
371;0.009710451
372;0.008198022
373;0.006432878
374;0.00533586
375;0.004300763
376;0.003257813
377;0.002698116
378;0.002272416
379;0.001813811
380;0.001414961
381;0.001232857
382;0.001119835
383;0.001000348
384;0.000942203
385;0.000791007
386;0.00063071
387;0.000441276
388;0.000348697
389;0.000306801
390;0.00027886
391;0.00037359
392;0.000362996
393;0.000318565
394;0.000270445
395;0.000222015
396;0.00021461
397;0.000125658
398;0.000102278
399;0.000244218
400;0.000216301
401;0.000163825
402;0.000100816
403;1.06E-05
404;1.06E-05
405;9.85E-05
406;0.000135413
407;0.000119937
408;0.000109677
409;2.68E-05
410;8.24E-05
411;8.22E-05
412;6.42E-05
413;6.41E-05
414;3.13E-05
415;0.000133239
416;0.000233553
417;0.000131718
418;7.86E-05
419;0.00019659
420;0.000160139
421;4.20E-05
422;5.14E-05
423;0.000141472
424;0.000154734
425;6.45E-05
426;4.22E-05
427;5.36E-05
428;3.08E-05
429;5.72E-05
430;3.79E-05
431;5.55E-06
432;6.64E-05
433;6.08E-05
434;6.52E-05
435;7.75E-05
436;1.65E-05
437;4.64E-05
438;8.49E-05
439;0.000141771
440;0.000185845
441;8.65E-05
442;0
443;0
444;0
445;1.91E-05
446;1.91E-05
447;2.47E-05
448;9.64E-05
449;8.30E-05
450;1.13E-05
451;0
452;0
453;1.25E-05
454;1.25E-05
455;0
456;1.50E-05
457;1.49E-05
458;0
459;3.44E-05
460;5.50E-05
461;2.06E-05
462;2.40E-05
463;2.39E-05
464;2.52E-05
465;2.52E-05
466;0
467;0
468;0
469;6.35E-07
470;6.34E-07
471;0
472;4.30E-05
473;4.29E-05
474;1.21E-05
475;1.20E-05
476;6.87E-05
477;0.000113438
478;0.000100437
479;7.93E-05
480;2.37E-05
481;5.70E-05
482;6.25E-05
483;5.53E-06
484;2.49E-05
485;0.000109559
486;9.62E-05
487;1.25E-05
488;3.02E-05
489;2.93E-05
490;1.86E-05
491;4.60E-05
492;2.74E-05
493;4.10E-05
494;4.09E-05
495;0
496;2.02E-05
497;4.20E-05
498;2.18E-05
499;0
500;5.02E-05
501;5.01E-05
502;9.41E-06
503;5.94E-05
504;9.17E-05
505;4.94E-05
506;7.66E-06
507;0
508;3.06E-05
509;5.55E-05
510;2.50E-05
511;1.22E-05
512;1.22E-05
513;0
514;1.70E-05
515;1.70E-05
516;2.21E-05
517;2.20E-05
518;0
519;0
520;0
521;0
522;0
523;0
524;0
525;0
526;4.97E-05
527;9.54E-05
528;4.57E-05
529;8.52E-05
530;8.50E-05
531;6.00E-05
532;8.75E-05
533;7.38E-05
534;6.21E-05
535;1.59E-05
536;0
537;1.02E-05
538;4.53E-05
539;8.55E-05
540;5.69E-05
541;2.95E-05
542;2.30E-05
543;0
544;0
545;0
546;0
547;0
548;0
549;0
550;3.41E-05
551;3.41E-05
552;3.81E-05
553;3.81E-05
554;0
555;0
556;4.56E-06
557;4.55E-06
558;0
559;0
560;3.73E-05
561;3.72E-05
562;2.28E-05
563;2.27E-05
564;4.59E-05
565;4.58E-05
566;0
567;0
568;2.56E-05
569;2.55E-05
570;0
571;0
572;0
573;4.21E-06
574;4.21E-06
575;0
576;0
577;0
578;6.00E-05
579;5.99E-05
580;0
581;0
582;1.79E-06
583;1.79E-06
584;0
585;0
586;0
587;0
588;1.48E-05
589;6.00E-05
590;4.51E-05
591;0
592;3.70E-05
593;3.69E-05
594;0
595;5.94E-05
596;5.93E-05
597;0
598;5.52E-05
599;0.000150252
600;9.50E-05
601;0
602;0
603;5.28E-05
604;9.10E-05
605;3.82E-05
606;0
607;8.08E-06
608;8.07E-06
609;6.87E-06
610;6.86E-06
611;0
612;0
613;0
614;0
615;1.73E-06
616;1.73E-06
617;8.34E-05
618;8.33E-05
619;5.66E-05
620;5.65E-05
621;2.40E-05
622;7.71E-05
623;5.31E-05
624;0
625;9.62E-05
626;9.61E-05
627;0
628;1.59E-05
629;6.49E-05
630;4.89E-05
631;0
632;1.32E-05
633;1.32E-05
634;7.77E-05
635;7.76E-05
636;0
637;0
638;0
639;0
640;5.18E-05
641;5.18E-05
642;5.24E-05
643;5.23E-05
644;0
645;0
646;0
647;0
648;0
649;0
650;8.43E-05
651;8.41E-05
652;4.62E-05
653;4.62E-05
654;5.49E-05
655;5.48E-05
656;2.66E-05
657;3.72E-05
658;5.99E-05
659;8.50E-05
660;3.58E-05
661;0
662;0
663;0
664;0
665;1.52E-05
666;1.52E-05
667;0
668;2.20E-05
669;2.20E-05
670;0
671;0
672;0
673;0
674;0
675;3.98E-05
676;3.97E-05
677;5.32E-05
678;5.31E-05
679;1.33E-05
680;1.33E-05
681;0
682;0
683;0
684;0
685;2.29E-05
686;2.28E-05
687;0
688;0
689;0
690;0
691;0
692;5.08E-05
693;5.07E-05
694;0
695;0
696;0
697;4.14E-05
698;9.67E-05
699;0.000173569
700;0.000118206
701;9.37E-05
702;9.35E-05
703;0
704;0
705;6.11E-05
706;6.10E-05
707;8.12E-05
708;8.11E-05
709;0
710;0
711;2.03E-05
712;4.48E-05
713;6.90E-05
714;4.44E-05
715;0
716;4.39E-05
717;4.38E-05
718;0
719;0
720;0
721;1.63E-05
722;1.63E-05
723;2.91E-05
724;2.91E-05
725;0
726;0
727;0
728;0
729;0
730;1.67E-06
731;1.67E-06
732;6.87E-06
733;6.86E-06
734;0.000153619
735;0.000190963
736;4.44E-05
737;6.92E-06
738;0
739;0
740;7.23E-05
741;9.16E-05
742;1.93E-05
743;0
744;0
745;6.12E-06
746;6.11E-06
747;0.000105934
748;0.000105771
749;0
750;0
751;0
752;0
753;0
754;8.15E-05
755;8.13E-05
756;2.05E-05
757;5.19E-05
758;3.14E-05
759;0
760;0
761;0
762;0
763;0
764;2.04E-05
765;2.11E-05
766;6.92E-07
767;2.42E-06
768;2.42E-06
769;0
770;0
771;0
772;1.29E-05
773;1.29E-05
774;0
775;0
776;0
777;0
778;0
779;0
780;4.28E-05